id,firstname,lastname
65362c3195e84456ce2593d6,Vo,Gia Minh
65362c313afea19ee91aef8a,Nguyen,Ngoc Hoai
65362c31a2f4a4ac5e4a9c78,Dang,Xuan Bach
65362c3127c73bfd27a31195,Cao,Trong Nghia
65362c319d1f879c16ca2420,Le,Hoang Minh
65362c3183db755dacda5aa7,Van,Hoang Luong
65362c31f2aec722b62e86d5,Duong,Quoc Tuan
65362c31485fc450d0f18411,Phan,Quoc Luu
65362c31decf14596cbc43c5,Nguyen,Tuan Kiet
65362c31b760757d1b92ea1a,Ho,Dang Khoa
6536796bce5a664dff4cca4c,Ashley,White
6536796bd983b80467354909,Daniel,Allen    
6536796b428af3043bae8984,Daniel,Clark    
6536796b0c575ef2320274d8,Richard,Miller  
6536796bfd3e43a697261561,Shirley,Jackson 
6536796b777315744d5c3473,Dorothy,Jackson 
6536796b4996a451a6de2cc1,John,Young      
6536796bf338b9e4336b4725,Jessica,Martin  
6536796b8f254ce5d4a698e3,Shirley,Robinson
6536796b96ee9355debd363f,Kevin,Baker     
6536796b9b8246a828850fe5,Shirley,Miller  
6536796b8bf9b3b7e19a9af9,Dorothy,Wilson  
6536796b35b7b2cd6e29be0c,Margaret,Walker 
6536796bdb56ec07dc4c5bd9,Richard,Martinez
6536796b0b4bec2820509693,Helen,Wilson    
6536796bae64ac5080c31548,James,Jones     
6536796bb27e2e896d003481,Michael,Davis   
6536796bce62462ad68af704,Matthew,Jackson 
6536796b581e4933cfa90de6,Patricia,Jackson
6536796b041abc67f3e499de,Ashley,Martinez
6536796b755671d2f7656f4a,Thomas,Walker
6536796b25c59cd0efc47652,Sarah,Martinez
6536796bdc535a99b211ba8b,Dorothy,Martinez
6536796bcccab2f635c7fd78,Charles,Davis
6536796b59e8c8fc69c6f6cd,Mary,Wright
6536796b5a587513dcb20d95,Susan,Smith
6536796bcac94133564efe8d,Patricia,King
6536796bce194db28f4e6b47,Barbara,Anderson
6536796b82e1bc4fe44100dd,Dorothy,Wright
6536796b247bb1ef549ada54,Dorothy,Clark
6536796bfae0401f3a0cffb9,Steven,Miller
6536796bd0534f55cf175657,Betty,Clark
6536796bf20d363a4a975970,Joshua,Lewis
6536796b6d0eb906e9a98326,Steven,Hernandez
6536796b6cb2ad6c6ffc8bdc,Joseph,Allen
6536796b6cbbb7dc7513393f,Susan,Gonzalez
6536796b26ae065b1b16d2db,Helen,Scott
6536796b6656f36517a1ffac,Sarah,Wilson
6536796ba67f5cd04ad37ef3,Barbara,Taylor
6536796b0025ba17ef7428d5,Joshua,Johnson
6536796b159b9ad42217b61f,Ronald,Lewis
6536796b8b9dc19f875ae58d,Joseph,Lee
6536796b47c244ccd214fafc,Matthew,Thomas
6536796be430afabd70ca49f,Eleanor,Jones
6536796bccfeb62fd7b25b46,Charles,Harris
6536796bae13d97870117e71,Nicole,Hall
6536796bb9142623a3624838,Nicole,Gonzalez
6536796b7089de650c031692,Ashley,Harris
6536796b590b09725c0aafa2,Eleanor,Martin
6536796b32e3154a36011c80,Kevin,Hall
6536796b34adfdbb248a6803,Daniel,Hernandez
6536796b0b0c01c883bebe2b,Daniel,Jackson
6536796bd37e47600c1df746,Jessica,Martinez
6536796bb06dfc24ff5d704c,Nancy,Jackson
6536796b6b0dd1ef52d00f26,Patricia,Johnson
6536796ba2e5c852fb123764,Michael,Martin
6536796bc6d5c39c85a87cfe,Linda,Martinez
6536796bdfc77b7a34731487,John,Scott
6536796b7f8b3060912a8099,Steven,Davis
6536796b292a6d6f02333b0e,Andrew,Wright
6536796b2b5cc467833abfc0,George,Allen
6536796bb361469edb05a321,Lisa,Brown
6536796b6a0409ef80078b5a,Margaret,Moore
6536796b785105a36d94b60e,Nathan,Wilson
6536796b37b10ad4e12b194b,Nathan,Hall
6536796b5d43b27cd4bccd30,Michael,Anderson
6536796bd5be42afbe16bc5a,Dorothy,Thompson
6536796bedda937fce2409a5,Nathan,Hernandez
6536796bf68bf543a7822712,Helen,Robinson
6536796b85a38574145e1b8c,Dorothy,Williams
6536796bad50d40d6784b29d,Helen,Hernandez
6536796b60dd82fa0c6bda71,Frank,Brown
6536796b4525ad4f197d191c,Shirley,Allen
6536796b78489b1a14027a13,Sarah,Garcia
6536796b08815550ab8a7e36,Nicole,Lee
6536796b938f4c045896384f,Linda,Lewis
6536796b98666fa547b28730,Ann,Hall
6536796b509ecc62f82be6ad,Betty,Walker
6536796bf39399d5c814c71a,James,Wright
6536796b28e00fee2a849b27,Barbara,Jackson
6536796beb2bc595a91e14a3,Nathan,Carter
6536796b997cb3dc6c41e974,Barbara,King
6536796b9b9f97143a7078a5,Joseph,Wright
6536796b244f970cee06d3df,James,Davis
6536796b7603a5ab4ee0fea2,Margaret,White
6536796b5a2be43148f5d869,Patricia,Young
6536796b25b2b1777f72a35f,James,Williams
6536796b61ff4938c7544901,Dorothy,Carter
6536796b0cd57efc933f110f,Matthew,Thompson
6536796b01c3e9402a285c3f,Barbara,Young
6536796be5810acff5ee1a23,Shirley,Hall
6536796bfe1069f834b69f92,Kevin,Young
6536796b98d3488a5434ed54,Mary,Hall
6536796b96732cd2d037fb08,Shirley,Brown
6536796b80fb1b44e34d7a9b,Emily,Thomas
6536796bf1ee5891401eb0c5,Michael,Smith
6536796ba33fa6f0f0574be5,Jacob,Miller
6536796b7d23c2f35ce8fa20,Betty,Hall
6536796b061bdc84698a4de5,Andrew,Young
6536796be97bf9f3f181a6f8,Margaret,Wright
6536796baaddc6d1491f4936,Christopher,Harris
6536796b4e0b6e0a5b995ed2,Dorothy,Anderson
6536796b01a74dc2f7f76f31,Ronald,Miller
6536796b797fe09f85a954da,Dorothy,Jackson
6536796bb41fd2d328af928e,Matthew,Lee
6536796b59e00fb7300379d2,Elizabeth,Walker
6536796b635ef2249f193552,Kevin,Robinson
6536796b982398921d238045,Daniel,Martinez
6536796b7102b54719152b22,Emily,Brown
6536796b7f1b20da49c626ec,Jessica,Anderson
6536796b5824f50b1d91b4a3,Andrew,Walker
6536796bfe1cbf2f77ba7b0e,William,Hall
6536796b78983ddf70c46ed7,Patricia,Scott
6536796b71fdcac85234078d,Sarah,Wright
6536796ba0a8d0d64580466b,Ashley,Adams
6536796b5a8d851a444955ff,Steven,Thompson
6536796b817fb8bd7388bc34,Mary,Taylor
6536796b24db7eed82ce7c01,Lisa,Young
6536796b835e03cd3d9bf008,Ashley,Anderson
6536796b62d5a558745b4fa2,Daniel,Harris
6536796b77fb61ec4164a2d4,Ashley,Thomas
6536796b57caad1117603d48,Steven,Harris
6536796b4b20460efbd476d5,Helen,Brown
6536796bf29d0810a279c156,Joseph,Thomas
6536796b09f3dff4249d6b59,Michael,Robinson
6536796b5ca9710214741cf3,Emily,Thompson
6536796b071585dd2cb5e47b,Susan,Davis
6536796b0b93c600308f03b3,Andrew,Allen
6536796bd1a1a1e00447ef2f,Elizabeth,Moore
6536796b4d43c2b5edb38dde,Dorothy,Adams
6536796ba99987a1c3be347f,Eleanor,Green
6536796be7b58aa98f19d4b7,Nancy,Harris
6536796b1f07c172026f20e1,Linda,Moore
6536796b2f4df31799a8d6a1,Lisa,Taylor
6536796b5da7a209fbd0578e,Nicole,Wright
6536796b37c8981cfc798b90,Shirley,Wright
6536796b873aca97fbf9b1da,Mary,Robinson
6536796b8c46f5a479081910,William,Carter
6536796b9bcd4c068e8605ce,Elizabeth,King
6536796bb9b2e0666b44b12f,Thomas,Anderson
6536796bfb9ceb017e24cf8d,Thomas,Moore
6536796b1c6a06e9c4b403d9,Linda,Robinson
6536796bad40421c97b04f98,Barbara,Miller
6536796b34b543233c934dc9,Nicole,Robinson
6536796b8c3eba491d3f9e1c,Richard,Thompson
6536796b9bccac02819e567d,James,Martin
6536796be563721382439018,Mary,Allen
6536796b952557b995f26ec7,Susan,Thompson
6536796b8249a7f8c5868ff3,Nancy,Miller
6536796bde18b74944789ede,Dorothy,Thomas
6536796b72a4e3d5bda0f92a,Susan,Lee
6536796b1f6eaed52e56f819,Ronald,Martin
6536796b56e9ce5047218b98,Barbara,Johnson
6536796b427d2bed2906739c,Richard,Thomas
6536796c1916751a70b79331,Kevin,Hernandez
6536796c6fd2fd8e0dcc4e56,Dorothy,Green
6536796c6f9588eac5310ee3,Dorothy,Scott
6536796c9258db8b7730b2db,Jennifer,Young
6536796c60da81a4e09091f6,Betty,Robinson
6536796c0842a32ff843822d,Matthew,Adams
6536796c0080f658fe7259a6,Charles,Williamson
6536796c33f9b6061fab99ec,Eleanor,Lee
6536796c5d92d3eeec2cf4b4,Nicole,Martinez
6536796cb35bea4b3a28cebe,Jennifer,Johnson
6536796c2a7ea08ffffb0297,Nathan,Lee
6536796c9e05302b9c4fc03b,Jacob,Hall
6536796c5e617aafdda7a2ce,Helen,Thompson
6536796c4f60842b213e3751,Daniel,Hall
6536796c26ab3f4282fbf383,Margaret,Carter
6536796c7acac4746a1c31a9,Elizabeth,White
6536796c9a37f4649baa1681,Kevin,Williams
6536796ce21ab4854d0fd139,Shirley,Lewis
6536796c1f933485b4e53d20,Jessica,Garcia
6536796c0dbc4cb93c380707,Ronald,Wright
6536796c61a94846d8e3662e,Elizabeth,Robinson
6536796c8e015987844272e8,Margaret,Miller
6536796c72bc374f8a91aff6,Nancy,Thompson
6536796c964790742c10738e,Joseph,Clark
6536796c4b6dcf5db131c5e7,Eleanor,Adams
6536796cdee1f173d3438da3,David,Hernandez
6536796cdfd1e25b01ae1906,Patricia,Williamson
6536796c348580c37bd50fde,John,Wright
6536796c81523a6a28acf81e,Dorothy,Martin
6536796ca191fd3a83d7cf7d,Nicole,Lewis
6536796c4e7b2d38bc82cb8e,Ronald,Carter
6536796cd3dbdf9b5af78e49,Elizabeth,Hall
6536796c40ab851adcb4e67b,Nathan,Walker
6536796c04bd2ef1bb25a613,Nicole,Wilson
6536796c573d79866b7d60bb,Emily,Martinez
6536796cc2b6cb8e400ea024,Daniel,Thompson
6536796c77deb70352b559ee,Daniel,King
6536796cdbb53e840c434a2a,Charles,Miller
6536796cd18173a9ffe315bd,Jessica,Lee
6536796c7604b82802e85384,Ronald,Lee
6536796cde0d8128849e7b64,Matthew,Jones
6536796c2c7a8d4973900158,Sarah,Thompson
6536796cdaa4e47f7c9dcc46,Lisa,Robinson
6536796c18356b5e5c5c24de,Barbara,Clark
6536796cf7c016a578041f26,David,Jones
6536796c75660e226c88accc,Elizabeth,Wright
6536796ca117993cb86f0e47,Ronald,Gonzalez
6536796c537f8373900e48ab,Barbara,Thomas
6536796c40674770eb1ec691,Patricia,Moore
6536796cc89f038f67b32ddf,Shirley,Walker
6536796c1cbc6b0b33cccefb,Edward,Wright
6536796c21977c8435d0069b,Kevin,Lewis
6536796cee489ebea3f6ccc6,Michael,Hall
6536796c93ee1c2751283cb3,Andrew,Lewis
6536796c751b039a45fceeea,Shirley,Hernandez
6536796cc636565469e9ec73,Helen,King
6536796c0488825a9c358469,Jacob,Walker
6536796c8f66aafe6d6462f1,Frank,Lewis
6536796caf6ea4c66645395d,Matthew,Robinson
6536796c5b4de9b6537c2edf,Eleanor,Walker
6536796c850ec04e97ded893,Jessica,Williamson
6536796c3b81e599ef406e78,Jacob,Martin
6536796cbedb2715b3f71e4f,Christopher,Lee
6536796c23211cb302888a94,Frank,Lee
6536796cb9280bee8410c423,Richard,Carter
6536796c5b45e974ec88c1fa,Eleanor,Anderson
6536796c4e52d7a5a69ceba4,George,Williams
6536796c7b346b5de8e71524,Mary,Martinez
6536796c18f9c2f6fc85e34f,Christopher,Baker
6536796c299e03fd05a441ac,Sarah,Johnson
6536796c475e6b8f322e2364,Nathan,King
6536796cd4f95414db5dd924,Ashley,Johnson
6536796cb0ecad497762d23a,William,Harris
6536796c1955b048f5e7c5c9,Betty,Wilson
6536796cabae5395d9c80b25,Joshua,King
6536796c12566764baab9ab7,Nicole,Jackson
6536796c13e5b84010d0043e,Daniel,Lee
6536796c1d897a719f35d4f7,Nancy,Martin
6536796c84a44815b6252fde,George,Scott
6536796ca4cd468f963f8394,Jessica,Thompson
6536796c361228d6b5f5049c,Frank,Williams
6536796c77b1b7687f2f541b,Daniel,Green
6536796cc5a6986c660c7b08,Sarah,White
6536796cdd98c5517e23433f,Helen,Anderson
6536796c36fb749498cc4978,Michael,Martinez
6536796c5e1718a55bf86418,Matthew,Allen
6536796ce42bc1a808e03b4e,Nicole,White
6536796c36a2c5127ac1512e,Helen,Smith
6536796c5c1bbcfccc295a01,Andrew,Robinson
6536796c616e95039ba5d3d8,Richard,Lee
6536796c8fc7806dc7aa59ed,Ann,Jackson
6536796cdbffd701b1455e32,Nicole,Jones
6536796cfc2eed3fcfbf876e,Thomas,Miller
6536796c37f496e80bb85435,Linda,Hall
6536796c093c7626e65d9ca0,James,Carter
6536796cdc71755d6457c99c,William,Lee
6536796c12affd7a42a6936c,Steven,Williamson
6536796ca7b573611b06e4eb,Jacob,Robinson
6536796cb3783049f6e86ee8,Nancy,Jones
6536796cd25736e12269353b,Richard,Hall
6536796c67598b4fbd031030,Mary,Clark
6536796cbde07e0450ada9fb,Matthew,Taylor
6536796c3f6cc9fe877dfc39,Linda,Young
6536796cd5aca40864ac67db,Ronald,Davis
6536796c79ae4d7cca27d9b5,Dorothy,Taylor
6536796c5eea75d9cafe9b73,Ashley,Green
6536796c6fbc0336e6f7c2fd,Linda,Anderson
6536796ca2263d95b95fe76b,George,Robinson
6536796c686fc6ed1c9d42cc,George,Adams
6536796c849175c5c4bee0b5,Jessica,Taylor
6536796c2d412f2e35cd692b,Emily,Green
6536796ccfaa52375999cd54,Ann,Wright
6536796cb12a483d63775887,Nancy,Davis
6536796c3c733baabcc00c6b,Andrew,Johnson
6536796c203076de06b8a4dd,Christopher,Clark
6536796cd3f33b451e38812c,Nathan,Clark
6536796c723aa095ce40cee7,Matthew,King
6536796c98cb0c0eb105b438,Mary,Garcia
6536796c9b6604086f74b834,John,Robinson
6536796cd016c57fc3cf1299,Margaret,Martinez
6536796ce3f71c8fb9cea284,Elizabeth,Smith
6536796c52b38ee2517737d8,Nicole,Thompson
6536796c0c64f77115c1796c,Susan,Anderson
6536796cc8ba164e51d7c107,Jessica,Williams
6536796c66015ef28beed375,Joshua,Moore
6536796c1bd3bb628b4812b3,Linda,Thompson
6536796c6807b20364de22d0,Eleanor,Williamson
6536796c48e03adf69cc201e,Nicole,Garcia
6536796c3a67e902be73230b,Matthew,Lewis
6536796c42dcad5644b3a769,Thomas,Williams
6536796c032e493f2929b99a,Frank,Miller
6536796ce477ba077492d43a,Richard,Robinson
6536796c4785829be19186f4,Kevin,Harris
6536796c0f800418667e4750,Jennifer,White
6536796c89643e189a1d1acc,Barbara,Green
6536796c40fa11244459d845,Emily,Baker
6536796ceaa6900da1f0e0a1,David,Garcia
6536796c0eb01457c2449fa5,Jennifer,Thompson
6536796cb0897a679631c23f,Nancy,Lewis
6536796c552f194d90d50aab,Eleanor,Allen
6536796c0174c715c2c25a40,Ashley,Jackson
6536796ceeb2381655959f25,Jacob,Wright
6536796c170a1cd4a0b260ec,Jennifer,Anderson
6536796cbda3622cbfa88833,Ronald,Jackson
6536796c22448e513120824b,Kevin,Thompson
6536796ccfc48aaaa69b1183,Dorothy,Robinson
6536796cd93b019db1965e94,Kevin,Brown
6536796cfdfdee656c13eadd,Margaret,Lewis
6536796cd10fc7241f1c57ad,Charles,Lewis
6536796c524c8b175b5e6419,Sarah,Allen
6536796cdd9e5f170df9cc18,Dorothy,Johnson
6536796cd4bce29b29b22ae8,William,Lewis
6536796c87d3bd64c1bd95bc,James,Harris
6536796cb038e591bd2f1fad,William,Wright
6536796c06cf5503aa9aaa2e,Lisa,Martinez
6536796cf92bca900a8d8758,Nicole,Adams
6536796cddc555ffc9b6d082,David,Walker
6536796ced5ba24ec2a69fba,Nancy,Young
6536796c1229576762a9fc21,Sarah,Hernandez
6536796cdfacff4f3b3453e0,Sarah,Hall
6536796c6df117340c4e0a5a,Sarah,Smith
6536796c1ce7d2bb270833b9,Shirley,Jones
6536796c16d2647335cd0a0a,Joseph,Hernandez
6536796c62211a28dcd6c111,Sarah,Robinson
6536796cc81c8d51930701c8,Ronald,Scott
6536796cd8e0311fa6b2d6ca,Margaret,Garcia
6536796c3156cf8a5155edd3,David,Lee
6536796c1d5249605274ab71,Joseph,Taylor
6536796c5a855759b6d44fe3,Kevin,Taylor
6536796cc9f42e1aaeed0928,Lisa,Adams
6536796c938822c69b679941,Dorothy,Jones
6536796cbaca59722abd9865,Sarah,Adams
6536796c31e95b12e77cca9d,Edward,Brown
6536796c15c3c1ea799f9630,George,Jones
6536796cfe5809797c12a0e1,Patricia,Gonzalez
6536796c8c1b8287ec19bf8b,Ashley,Robinson
6536796c28fce0367ccf9e02,Betty,Thompson
6536796ccd8553599a88f64d,Mary,Anderson
6536796cd1578de271e62ac2,Christopher,Anderson
6536796c13898df17fa7cd31,Ann,Jones
6536796cabc0c02f7e5ddf58,Dorothy,King
6536796cc1b7fff40ca23712,Matthew,White
6536796ce19705ee4a5380b1,Andrew,Baker
6536796c59b191be8dcbf3d6,Margaret,Walker
6536796c3a1d5800085d55ed,Joshua,Young
6536796cecbf000fc189fba4,Jacob,Jackson
6536796c3dccec352d00d706,Michael,Williamson
6536796c0c665891b2b9c483,Jessica,Miller
6536796c1761c049382330d6,James,Young
6536796c9dd34da8e9526dfe,Ashley,Young
6536796c126d4b1d26c54cb8,Patricia,White
6536796ca03e9b470d1f2187,Joseph,Hall
6536796c9292a6ddcde29230,Joshua,Taylor
6536796c098201f3a594a5e2,Nathan,Miller
6536796cca14b97a2f5c4a85,Charles,Robinson
6536796c006ee0a1601ef6f9,Jessica,Wilson
6536796cd88049bc8642941e,Kevin,Lee
6536796c5076adcbbcdfb6a4,Richard,Smith
6536796ca14fe5854caa6d11,Nancy,Taylor
6536796cdf5b0dc91fab03b0,Susan,Carter
6536796c6b60ff7b8a9fa25a,James,Lewis
6536796c3192d9973546aa47,Mary,Lee
6536796c4d394dc278ed8637,Daniel,Miller
6536796c6f42c3c9f9de1020,Linda,Wilson
6536796c04dfb1ea4ee892a6,Betty,Lewis
6536796cbea5e4e7dddcf7d2,Ronald,Thompson
6536796ca44d0648b64b60ae,William,Jones
6536796cb888caff5f640b46,Mary,Harris
6536796cc825394d1319714e,Lisa,White
6536796cd254783be6290d43,Joshua,Adams
6536796c1d5868cd8a2d7529,Ronald,Anderson
6536796c83f4be7c3b781da8,Susan,Allen
6536796c3a7436b94ebe57e0,Sarah,Carter
6536796c31e119c15d57c3f7,Nicole,Williamson
6536796c75bc67377cc2e48a,Kevin,King
6536796c1720c2de40e433d8,Daniel,Baker
6536796c0388d846f5f47042,Barbara,Allen
6536796c0954c4ad5cb3827b,Christopher,Smith
6536796cc0e52cd2550699a9,John,Garcia
6536796cb576f7f466b20943,Matthew,Harris
6536796cb4e834d233a8e16b,John,Smith
6536796ced15c8816072d5fc,Lisa,Miller
6536796cafe02aefe485bed3,Daniel,Clark
6536796c0378fafecbc1d8ba,Daniel,Adams
6536796c1b04ee0fa47e6cfb,Eleanor,Hall
6536796c1d95d574ee4bd9de,Mary,Walker
6536796c35fa4af63f715d38,Joseph,Lewis
6536796cb477179515f7a598,Joshua,Lee
6536796ca25a302cae612b26,Sarah,Harris
6536796c6bd9706e2d29ac98,Edward,Jones
6536796ce2e310d58ef14f7d,Sarah,Walker
6536796c598bd4ac3d992d9e,Barbara,Robinson
6536796c6af3f779cb8012e0,Betty,Davis
6536796c0cf04aaecf1e9410,William,Green
6536796c395f5c3247df0649,Edward,Young
6536796c8b9c2cf5eee629b9,Nancy,Brown
6536796c808da5ba5bdfbf48,William,Moore
6536796ce120be93a23cc57d,Barbara,Wright
6536796c133bff3227c38cbd,Margaret,Thomas
6536796c54dab410f438585d,Matthew,Hernandez
6536796cf21fc9f9bf7e6ac3,Margaret,Hall
6536796c58e41643f5ec7dc7,Margaret,Green
6536796c9b40e6e6f043faad,Barbara,Hernandez
6536796c350a08270fdb0c02,Elizabeth,Wilson
6536796cb179cf76b984855e,Edward,Scott
6536796cd4050b891216ce45,Helen,Miller
6536796cb718e9c04a3d22b8,Matthew,Moore
6536796c479f73e8a55dc68a,Susan,Miller
6536796cd8e1318969c0b420,George,Smith
6536796cc1605b33641be35e,Edward,Hernandez
6536796ca27cb62acc8b563a,Thomas,Hernandez
6536796cde697b74d43c27fc,Thomas,Harris
6536796c22e0c14a0d993dde,Charles,Clark
6536796cf22f07cb7a901402,Jacob,White
6536796c961ebcddd9331296,John,Lewis
6536796cb58d67d46de8755c,Helen,Jones
6536796c5f487203bfa37352,Richard,Williams
6536796c1fbd5e3333db5136,Nicole,Hernandez
6536796c5ecd8c26efbf125a,Elizabeth,Harris
6536796cec650a1c8b83951f,Lisa,Gonzalez
6536796ccdaca148091130be,Shirley,Moore
6536796cd6e733738106932c,Andrew,Green
6536796c8d0d76223f276989,Richard,Walker
6536796cf0b8f75fcf289f78,John,Gonzalez
6536796cc530cde51d26b2c0,Margaret,Anderson
6536796c3a7b567d837fac69,Matthew,Davis
6536796c77f594386175b878,Shirley,Miller
6536796ce4c2d7725c0c0e3b,Nancy,Anderson
6536796cbbff938e2cd719c9,John,Adams
6536796c18c1a07f233a3c66,Joshua,Thompson
6536796cca83153e046bbd5c,Betty,White
6536796c58d2da440e92a188,Nicole,Anderson
6536796c0f31288e7dc563e3,Betty,Young
6536796c87d424494be56b9e,Christopher,Jones
6536796ca5f1b3d914be17c5,Richard,Jackson
6536796ce44be923cf6d98e4,Charles,Martinez
6536796c2b47948f0dfe37df,Mary,Gonzalez
6536796c3091031daf1ab2d8,James,Scott
6536796c3c263628e7eefdf5,Jacob,Lee
6536796c0bac6ab88efd80e0,Helen,Lewis
6536796c9e8ee289ab8e1c25,Michael,Hernandez
6536796c994c4bb97c14d059,Jessica,Baker
6536796c8435d5f5cd3aa5b4,Dorothy,Harris
6536796c7866c43f515e649e,Frank,Wright
6536796ca93a45806e347386,Ashley,Williamson
6536796cafdf68c8705dcc85,Joshua,Jones
6536796ca5f7e05cf9b4f730,Lisa,Thomas
6536796c27fb1980f4ac7807,Barbara,Williamson
6536796c7449a165c9966a0c,Thomas,Smith
6536796c822be956ec358dc8,Jacob,Smith
6536796c6422171823d5a172,Margaret,Jones
6536796cfd8c63fd01a601c7,Jessica,Lewis
6536796c36b74a657b1a2d5a,Matthew,Baker
6536796c3d7d602736c59378,David,Jackson
6536796cf1ca4ecf547749ba,Edward,Clark
6536796cd26729d84934ae6e,Mary,Miller
6536796c743600aa392c2c2a,Jacob,Thompson
6536796c21b29af573be1ea5,Charles,Jackson
6536796c56723aa2fb23ee7e,Edward,Adams
6536796c09ddeecb359aceb6,Matthew,Walker
6536796c673798e6d0b88249,Susan,Wright
6536796c0dcf1f85441aa711,Joseph,Martinez
6536796ce0dde7be1397b89c,Joseph,Jackson
6536796c8d67ec0b7783c224,Nancy,Williamson
6536796c348195f0d8c592c9,Jennifer,Robinson
6536796ce9faff81b1ec3995,Jessica,Walker
6536796c73c971b0bae23c20,John,Hall
6536796cbfe3d7d8b1280816,Ann,Carter
6536796cfacb1e6e9250f4d3,Jessica,Young
6536796cfe889ca458ab09ce,Nancy,Thomas
6536796c31786677d9ee5099,Patricia,Clark
6536796c6ad65566df462810,Jennifer,Hernandez
6536796cdbec2a5e165d9a5e,Susan,Williams
6536796c52842ed8fb5d2a48,Lisa,Moore
6536796c1f396f2af01f8895,Ronald,Moore
6536796c45085177eda17424,Lisa,Allen
6536796c2b13d789bbf9ef48,Steven,Walker
6536796ca8411254862bdce5,Linda,Adams
6536796cd0c617afb4f1b8dd,Emily,Anderson
6536796ca8fa68228aa4575c,Emily,Adams
6536796c7afe40bdf7dac91c,Margaret,Young
6536796c2026812b701bfc8b,Charles,Thomas
6536796c34455368c14ab2b7,Joseph,Robinson
6536796c3360f2d560831779,Elizabeth,Williams
6536796cee182ce03bf35231,Patricia,Miller
6536796c5e597a4b0975ba9c,Thomas,Thompson
6536796c80ecd66c7a7221b7,Andrew,Harris
6536796cc0512fea3684e8cf,Nicole,Taylor
6536796ca6425e09dfb20176,Edward,Harris
6536796cea394707b27ad172,Jennifer,Martin
6536796cff7627e1013030b1,Michael,Lee
6536796cccc0a8f4c04c134b,Elizabeth,Green
6536796c6b72c21d4c94169c,Emily,Clark
6536796c47b472cf794b2754,Patricia,Hall
6536796ceac7fbf1003c3615,Linda,Jones
6536796c69e3af7951f03c60,Susan,Jackson
65368a91de39ca8d59f419cf,Frank,Moore
65368a91ace01367c23ce8b4,Dorothy,Gonzalez
65368a9140a42f3dedf5e373,Steven,Lewis
65368a911f3bc36a8daf7267,Helen,Walker
65368a91b0b3eebf2ea048a6,Dorothy,Hernandez
65368a91c6f870eceab8c4ad,Ann,Williams
65368a912f57e890cdb254e5,Daniel,Allen
65368a9180377d40d4a2d9a7,Jessica,Harris
65368a911c6726c90b64564d,Jennifer,Lewis
65368a91c5f5f8fc896231a3,Andrew,Hall
65368a91153ca52d28b79ec8,Shirley,Baker
65368a91fb174eb9b4c2f8ca,Michael,Allen
65368a917b3c1fc942d43a3e,Nathan,Harris
65368a912f9037cee0393cd8,Richard,Jones
65368a919b134c7c233ef7be,Shirley,Thompson
65368a91913ef16ab357b507,George,Lewis
65368a9109f2ba86b2aef905,Nancy,White
65368a91724344afa44288c9,Shirley,Jackson
65368a913d26527ecaf9c49d,Richard,Miller
65368a915d9a6de2c8dccea2,Ann,Harris
65368a91d36c07bdfaa41574,Betty,Wright
65368a914deca2e06c3a3065,William,Davis
65368a9186289c170cc0f372,Dorothy,Lewis
65368a9152e69f047fa27b4f,Jacob,Taylor
65368a9127761af62ec46fbc,Eleanor,Harris
65368a9125d5da709330fada,Shirley,White
65368a9138746fb9f54c8975,Susan,Walker
65368a91689fd97fca08763f,Margaret,Thompson
65368a919957f07cd58a563a,Ronald,Brown
65368a91c050607d2b9cdf6f,Elizabeth,Scott
65368a91446f22efe26502e0,Edward,Williamson
65368a91b880cf77a2f990ba,Susan,Hernandez
65368a912424ad0182c22077,Ann,Allen
65368a91acd11912e0665d40,Richard,Lewis
65368a91424a5b6921fa9b2c,Michael,Thompson
65368a913bdd17b94ca766fc,Michael,Harris
65368a91b61dc42ef1f605d6,Sarah,Miller
65368a91484a751b1911eeb1,Mary,Carter
65368a91241ec1bcc96543bc,Andrew,Scott
65368a9176aa5a3e49341e7b,Kevin,Wilson
65368a91c6c726333cef78e6,Shirley,Thomas
65368a9157da0211706f3d30,Ronald,Clark
65368a9152f3354dd0cd1f99,Kevin,Miller
65368a91b8d0ed1a6d8bcd6b,Michael,Miller
65368a91eee61cbe09f0b661,Eleanor,Thompson
65368a918f2d56c579594a78,Jacob,Lewis
65368a91ccbdfbd53ce0e7ea,Ann,Walker
65368a9134aa6c46d14de36a,George,Clark
65368a9137a92a7ac4cf53f5,Edward,Gonzalez
65368a91f6e5c703821e1b54,Ann,Moore
65368a9102edb0220cf01ec9,Sarah,Jackson
65368a91bf83bba021649b58,Ashley,Martin
65368a916bb452e2546d440a,John,Miller
65368a91c545de23197b1777,George,Martin
65368a91c070ead3c2eaf81e,Elizabeth,Anderson
65368a91eb24825aa968834a,Joseph,King
65368a91d632ceb70d4108b0,Daniel,Taylor
65368a9165e0f4a0df28cada,David,Hall
65368a9154c7f9a71e6f8be9,Mary,Lewis
65368a91eabfac5a4c09d474,Frank,Garcia
65368a91f8a4022c15856194,Charles,Garcia
65368a9147a13db2e4a7f0a6,Nancy,Green
65368a9168e97e527071a5a0,Steven,Young
65368a91d68a5b3cac95bc55,Joseph,Thompson
65368a91b4b03e34581df789,Emily,Moore
65368a912ed76dada97efd6b,Elizabeth,Young
65368a9138dcd372b67a6575,Richard,Anderson
65368a91357e99949aad94a4,Michael,Gonzalez
65368a91f3e753b3de96021f,Joshua,Davis
65368a91bbcd152c9b93b146,Edward,Baker
65368a91c8370f103a52cf23,Shirley,Lee
65368a91898d8c2df38ede8d,Joshua,Anderson
65368a91ee403bd5048e97c3,William,Garcia
65368a9170053e288eb75f93,Patricia,Williams
65368a91b47c5add0d6b8f45,Elizabeth,Johnson
65368a917190ee6f13d843e6,Elizabeth,Clark
65368a91924139fe57c45d67,Andrew,Hernandez
65368a9137086542b31ba750,Jacob,Clark
65368a918b7190fb01221c4b,Thomas,Clark
65368a915906764589f59337,Steven,Smith
65368a91f95e2f998625347f,Emily,Martin
65368a91e6ec96647fb0b13e,Patricia,Allen
65368a91e06d886480b0f5ad,Barbara,Jones
65368a91eede157b7123daee,Shirley,Johnson
65368a916e9fc5c265fa2227,Charles,Hall
65368a91d083513ee6b2b502,Andrew,White
65368a91af31486f9ab89f3f,David,Harris
65368a910dfec0b21d2ce93a,Thomas,Jackson
65368a918cb31c542fe843a1,Jessica,Green
65368a9159fbe7b07abb9f94,Eleanor,Carter
65368a9190cb62a933fcea13,Joshua,Miller
65368a91b94928d471c48d1f,Jessica,Wright
65368a91dc1f1f97222505c8,Jennifer,Miller
65368a916fa394b3d9e0838e,Mary,White
65368a918ba3746b47973bad,Frank,Smith
65368a912a71d461c42a9cdc,Charles,Thompson
65368a915464d94257379ea5,Linda,Allen
65368a913ca0a89ee4a2718d,Andrew,Anderson
65368a91b05056e330caa5f5,Steven,Allen
65368a91391b146767e273bd,James,Green
65368a91bdbfaad2011cd129,Jennifer,Wilson
65368a912e721ba321c56bff,Barbara,Baker
65368a912da07352ae343c09,Shirley,Taylor
65368a91c3704969bfef0dd6,Jacob,Allen
65368a91a7435a382f207ed7,Kevin,Wright
65368a91aac0e983a5c0d2d8,Frank,Robinson
65368a919c9daf314b3f4ae7,Nancy,Lee
65368a91d4bafa41c0bafd19,Joshua,Gonzalez
65368a91fb817bf627d85cfa,Thomas,Gonzalez
65368a91a2c55b1059d13d5d,Richard,Hernandez
65368a91ee2e91cd4236a594,Dorothy,White
65368a9125ba2e6154651b7d,Linda,Jackson
65368a91334d6a74335976c8,Mary,Thompson
65368a91592058706aa535ab,William,Hernandez
65368a91c769659b3161b535,Edward,Robinson
65368a91b26e0e7653dadf45,Jacob,King
65368a91cba8b71c04d07c10,Christopher,Martinez
65368a915517051def0c77eb,Emily,Lewis
65368a915e9b3a721288c409,Linda,Thomas
65368a91046ebefa0a363173,Lisa,Jones
65368a9188d2cafe049543d4,John,Jackson
65368a9122e078251eee1b42,Sarah,Moore
65368a91dc62f5e598f9eebd,Susan,King
65368a91864248ad3f183c72,Ronald,Harris
65368a91b6b8b9a2d8e4987f,Charles,Moore
65368a917c45250d70f55f78,Ann,Lee
65368a912d3e8d21d99df83f,Eleanor,Hernandez
65368a9155891855c73b7552,Steven,Clark
65368a91fdf1f89349b21a78,Eleanor,Martinez
65368a910b150e217d28bb4c,Kevin,Scott
65368a91941f2eef2dee4a05,Christopher,Hernandez
65368a91200d7ede8fa7074c,William,Anderson
65368a9176712d41322d1c72,John,White
65368a91ce56a7e4ca26b645,Jessica,Hall
65368a91fc6c62680c9ba16a,Christopher,Wright
65368a917235501777b1ebdc,Dorothy,Baker
65368a915e8eba9ef4d611ed,Susan,Johnson
65368a9114d294ed90f813ad,Helen,Johnson
65368a91ffe36a8ea0a37104,Thomas,Young
65368a9132743e20a1425bad,Nancy,Clark
65368a910e3b08c7e5c1d925,Ronald,Garcia
65368a91c081896a65c7917e,Frank,White
65368a91a5d875d29d7ccc82,Ashley,Taylor
65368a916baeda84f16e9f08,John,Johnson
65368a915505d058d80a3f1f,Dorothy,Lee
65368a91245fdaf23cdf454d,Daniel,Lewis
65368a91872f8c6e099c0846,Joseph,Young
65368a9149f6809f1631b1d4,Sarah,Young
65368a91264bacca455c6ab0,Joseph,Jones
65368a915116a44b84ffcc02,Matthew,Clark
65368a91b7fc2bc81f6d8688,Andrew,Lee
65368a91de01aa468c7ad5c0,Thomas,Garcia
65368a917e35a959f1fc3394,Mary,Wilson
65368a9104da93adb1f947ec,Michael,Jackson
65368a915ea8313b2c3f1c14,David,Miller
65368a91764d860ae3d31a92,Eleanor,Johnson
65368a91326d0ff7b72df66f,John,Williams
65368a91e62d03fc9bf8d2b6,Mary,Williamson
65368a91c25e5cea0ac2e01c,Helen,Moore
65368a915af189dcfdbae9b3,John,Martinez
65368a9103535faf64b253c4,Matthew,Johnson
65368a911304584f661bc9e9,James,Thompson
65368a917684f73ce0072fcb,William,Scott
65368a910ea2f14f8cbb755f,Andrew,Adams
65368a910bf45262b3eb9a1c,Richard,Wright
65368a91ee90c3cfd1297389,Dorothy,Walker
65368a915652ad5b8773434f,Ronald,Martinez
65368a91499882c7ba779299,Nancy,Baker
65368a91cdf2afe1928bf4cc,Sarah,Martin
65368a91bdaaeb79149f52f8,James,Allen
65368a91bb02a2c76094c187,Ronald,Wilson
65368a91c5be419c0f3da7a2,Jessica,Moore
65368a91a98143a2526ab81e,Richard,Taylor
65368a914dbeefed390284eb,Nancy,Williams
65368a91d9d9a3863f8928c2,Jacob,Adams
65368a91e921b0986f8ecf49,Ashley,Lewis
65368a91399924a4a393be68,William,Thompson
65368a917d74c90974eb1828,Thomas,Wilson
65368a91f197d3ce2ce667b3,Jennifer,Smith
65368a91b34aee6c7439b041,Joseph,Scott
65368a9124aafe28de291f29,Betty,Martinez
65368a91b1d8d5677d8afbf3,Ronald,Walker
65368a9105abfde10ada69a2,Nathan,Garcia
65368a91906820996109e9f0,Shirley,Carter
65368a919dcf68790bbac538,Nicole,Carter
65368a915c54bb3418eba5e6,Ashley,Scott
65368a91066501ff28b8879e,Jacob,Carter
65368a919073322eb3fadd68,Thomas,Johnson
65368a9108431d0a60fdcad1,Jennifer,Walker
65368a9140e27e7334774318,George,Walker
65368a91ca884b94f8b63247,Joshua,Martinez
65368a9104982d3f8b12b9d6,John,Lee
65368a9169ce07bde35946ad,George,Lee
65368a91360b1ba1d4e75434,Emily,Carter
65368a91abb3df36850323b3,Christopher,Brown
65368a914ac77b8d09da79e4,Daniel,Gonzalez
65368a91c2a334c0360003f3,Ashley,Clark
65368a91ab04ae2fceaf152f,James,Lee
65368a91d3c30b72292d4f48,James,Hall
65368a91044ae538a03b8e40,Frank,Anderson
65368a91cb32960fe289786c,Frank,Martinez
65368a910942afea775d7c2c,Jennifer,Harris
65368a918a0a131c9d527f18,Sarah,Lee
65368a9186408e4f7f77ab71,Ronald,Jones
65368a9165e01b321b53c92f,Edward,Hall
65368a914dfa290af693e30c,Joshua,Wright
65368a9115689fb280f28778,Susan,Thomas
65368a910d223d2a15cd59bf,William,Thomas
65368a917f09593951da0e2a,Lisa,Johnson
65368a91498c0583237c6f95,Margaret,Clark
65368a911ee93f46e7ef205e,Margaret,Taylor
65368a91116d08b6b46c0622,Andrew,King
65368a915cf9c89f0ea0f9e6,Andrew,Clark
65368a916ca62fd133363383,Eleanor,Clark
65368a91e5a35f09d2da32a9,Richard,Clark
65368a913ea03048909fd11c,Emily,Harris
65368a91cafd53d37b06f6cb,John,Allen
65368a91e32f31398fdb6da7,Shirley,Green
65368a91685a3d3c819bfedc,Jacob,Williamson
65368a91c26fb43298b5a5c5,Richard,Johnson
65368a9123945eccfa61df55,Dorothy,Young
65368a91646e024aa37981e4,Joseph,Anderson
65368a91a3b6ddeae1a91881,Ann,Williamson
65368a9194c2a388a405cfad,Nathan,Robinson
65368a913ff52656a6d20026,George,Wright
65368a917d39983d54714df0,David,Young
65368a915a7d9c469563de24,Shirley,Harris
65368a91021c2e36f91a043d,Sarah,Scott
65368a910fa5183133e4c323,Joshua,Hall
65368a914cf5852a650fad47,James,Anderson
65368a910f0b9bb9a6964bf3,Jennifer,Williams
65368a91f2796b271e098151,Jacob,Baker
65368a91528eeca08820bb6f,Nathan,Lewis
65368a91d9176987a84a2a6b,Margaret,Robinson
65368a91040f4d8dea44a121,Daniel,White
65368a91359d3ffc619058ef,John,Thompson
65368a911f4744ab6ff22500,Thomas,Brown
65368a9178eca451378ba93d,George,Anderson
65368a912530a6632eeabc15,Joseph,White
65368a9135951c83eab541ca,Shirley,Anderson
65368a919efb4513cbbc78e7,Thomas,Martin
65368a919d947fbda5b71a59,Jacob,Young
65368a91964e99c24df26868,Kevin,Gonzalez
65368a913a36c8f3a84dead8,Kevin,Allen
65368a91c9ca6bac98f1b8de,Joseph,Walker
65368a91128c2ec9d87b8f5d,Barbara,Walker
65368a91419cd5d32be64d45,Patricia,Martinez
65368a914d8ac1537bd8d706,David,Baker
65368a9186312e36a0084a56,Lisa,Hernandez
65368a9141ebb6580c4df335,James,Hernandez
65368a911aa609e9cd1e2e85,Linda,Taylor
65368a91347cbd520ba90e9f,Daniel,Wright
65368a91543cb941b7d7e558,Christopher,Moore
65368a91c235cc042ce285dc,Steven,Martin
65368a91deb9eefdef58f066,Dorothy,Brown
65368a91e3c0f66a55b354dc,Sarah,Lewis
65368a914b03fc10a27751fd,Emily,Williamson
65368a91826f1282400c8494,Nicole,Allen
65368a910e8fb92eaa19c834,Ronald,Robinson
65368a912094f50a7b30bb5e,Charles,Young
65368a91c18e33800731e9e7,Ronald,Thomas
65368a9168969a78ee0472b1,Sarah,Taylor
65368a91e6df63d83ecb5dcd,David,Brown
65368a9160d3eea6678c3fff,Joseph,Smith
65368a9147fd51aa67966b5f,Patricia,Wright
65368a914a6298ebe34477f9,Joshua,Hernandez
65368a913ba051cde81815b1,Sarah,Davis
65368a915fdd359dcb8a90c1,David,Allen
65368a91caff0f058f7dcb42,Margaret,Harris
65368a91189b15e77b7bb532,Sarah,Baker
65368a91a85ae85f49e3f631,Mary,Jones
65368a9180b0485ea1984025,James,Jackson
65368a91ce49f3ec7fc4c7d6,Betty,Green
65368a9172ab0ea1cca4fb83,Joshua,Williams
65368a915803222373c502e0,Michael,Williams
65368a91a5ab169fc6572133,Nicole,Young
65368a91b486c8c7dbb51d9f,Helen,Martinez
65368a91793865ece45fa039,Michael,King
65368a915a231dea43e02153,Jacob,Harris
65368a916112a7a8732ba368,Charles,Williams
65368a9167a715203f9c368b,Nancy,Johnson
65368a91981fd5c2f35d487a,Sarah,Williamson
65368a918ddd9b7f1d9853b1,Andrew,Martinez
65368a91e1388594e55ae74b,Kevin,Anderson
65368a9123f8d5bab448404a,Andrew,Thomas
65368a9127c1e53611a25b31,Emily,Hernandez
65368a916c01ecd603231e1b,Jessica,Thomas
65368a91bb67156c7d8f7b86,Nancy,Walker
65368a911ee23bec7312c26e,Matthew,Wilson
65368a9187213eecaa54be13,Andrew,Thompson
65368a910a23ba894e7535b4,Helen,Davis
65368a911106f3a0fabd29db,Daniel,Williamson
65368a9127c6cd46cfc87155,Joseph,Harris
65368a9136ef0de08e0b5ad4,Eleanor,Wright
65368a915e5f314a52829617,Sarah,Gonzalez
65368a917aacb22144775c42,Charles,Wright
65368a91434f560c0cfcd6cb,Barbara,Lee
65368a917fe07961de09b238,Steven,Carter
65368a9147b93f04b8f9bcc3,Eleanor,Garcia
65368a91136e67d320b2ea70,William,Smith
65368a910781ec8127b681e7,Shirley,King
65368a91faba054edcd9a579,Jennifer,Allen
65368a9193e28befec97858f,Michael,Wilson
65368a912ac79b15dbc26584,Linda,Scott
65368a91156ea6ab4a5def64,Mary,Smith
65368a91c3c8305609351844,Andrew,Gonzalez
65368a9153f8a0ace2cefd41,James,Jones
65368a91417c21b9828abde2,Mary,Young
65368a913916a5acd073641d,Helen,Young
65368a91ebba60d2258b3813,Nancy,Allen
65368a918614248a2ea6bb7b,Ashley,Hall
65368a9167721ef68c71b4f4,Frank,Hall
65368a91dc29dba68b8034a3,Linda,Johnson
65368a91ee47a1270525b68a,Eleanor,Young
65368a91f9f3b874b0f6d054,George,Thompson
65368a917cdf44c6d113fe03,Jacob,Johnson
65368a916ba5d5a09628aa2f,David,Thompson
65368a91b0cb5486b38bd9f1,Joseph,Miller
65368a91528f7bc87caa2f94,Sarah,Green
65368a91f3a2babea5c8666d,Linda,Clark
65368a914a45f7d032b2bc65,Ashley,Allen
65368a911f03463f4c397587,Joshua,Thomas
65368a9168b71cbf94331cae,John,Jones
65368a91e3a6172d626eecde,Barbara,Carter
65368a91ab9021b60028bef7,David,Smith
65368a91fecfb9058c6a1a4e,Lisa,Lee
65368a916f91d2258fcce5a7,Ann,Robinson
65368a91c3a60e0a5e41207a,William,Robinson
65368a91f18530639c5955fc,Lisa,Baker
65368a912cc1d07f8222fd09,Charles,Wilson
65368a91622e84928322fb1c,Thomas,Scott
65368a91994e324ef9d6a396,George,Wilson
65368a918d81394ea9b4c373,Thomas,Robinson
65368a910f34bea22e2eda75,Frank,Harris
65368a9151ac627d2726924b,John,Harris
65368a918532ee4f5ea57b61,Frank,Taylor
65368a91d1d748f2c9e95d7c,Susan,Young
65368a914810ed1d01fb8aa4,Eleanor,Gonzalez
65368a91c5956d73b9664a24,Linda,Wright
65368a917e87e4942262f20a,Frank,Thompson
65368a91638f4f98232b8236,Sarah,Jones
65368a918fad614ec72b67e9,Christopher,Thompson
65368a91bd16dc8bea90e780,Nancy,Hernandez
65368a9172fca6d6a82e6fbb,Nancy,King
65368a9157f51833cbdca05b,Sarah,Thomas
65368a9116ba4e8718863802,Nathan,Williamson
65368a91808946ece3c64510,Michael,Lewis
65368a910f6eb94058806860,Joseph,Martin
65368a91de19bbe47163caf1,Barbara,Thompson
65368a91ee940149a927aaec,Sarah,Clark
65368a911e8fd5c5c3cee954,Nicole,Davis
65368a91bc96e4d74191e51d,Nathan,Young
65368a91c56ca64c843104cc,Steven,Lee
65368a91cf47d0f4fef23f2a,Jennifer,Martinez
65368a9136fde53bcf11f9f4,Michael,Clark
65368a916d610a4c1b6e9d72,Christopher,Young
65368a91aa3386ddcaec1d0a,George,Martinez
65368a917d3a62bf9895b5e7,Margaret,Gonzalez
65368a91bf18e1e13fa9133c,James,Miller
65368a91c2fd3f1bcc2cce92,Joshua,White
65368a91fb1f429f5ed815ca,Ashley,Moore
65368a91bbd61e1a63e9cdde,Susan,Martinez
65368a91f8112b075a6c26bd,David,Anderson
65368a9101fdeaf82e4503a2,George,Carter
65368a91da785470ed8aee9b,Betty,Martin
65368a9180cc95008a8859e3,Patricia,Lewis
65368a91f0e7701bd71c1ef0,David,Thomas
65368a91601d851d73bb1c15,Daniel,Anderson
65368a91ffdc63f965432b54,Edward,Wilson
65368a9195b9d4678908f431,Susan,Green
65368a91dd11dfc44444971e,Margaret,Jackson
65368a91f9acb99f259ea992,Edward,Taylor
65368a918b97341e8a8e3661,Christopher,Gonzalez
65368a91b74a2ea680f45e88,James,Taylor
65368a91321b944110f2a881,Joseph,Davis
65368a91c3947ca3b97c8039,Barbara,Hall
65368a91a2340ccb97487adb,Steven,Garcia
65368a912e33a68ccfe18536,Steven,Jones
65368a917f3aed9548e6620e,Ann,Thompson
65368a91cfbe70bab4bad478,Dorothy,Moore
65368a91bb0a95d85183f843,William,Walker
65368a91fbdd06e03ba91866,George,Green
65368a919574e133a98eb728,Steven,Anderson
65368a91880e03662042644b,Kevin,Green
65368a91c8c8deff0f4d4873,Dorothy,Miller
65368a91500636fb18ce2c49,Susan,Hall
65368a91792a7940e2fe6035,Steven,Taylor
65368a91a5dd8e2d593e9e22,John,Carter
65368a91c695b814d5023237,John,Wilson
65368a91b03730e9391842a4,Elizabeth,Brown
65368a916d2f7580e9ced1c0,Jennifer,Hall
65368a91cab11803e2659c7c,Patricia,Smith
65368a912ddd4cf6e5cf6032,Lisa,Hall
65368a913d011477564a8453,Betty,Smith
65368a91186653aa0255d11a,James,Robinson
65368a917dde8a085b540a7a,Charles,Adams
65368a919031b39116937019,Nicole,Williams
65368a919a91552272fc26a4,Margaret,Lee
65368a91233f6e9917babe00,Jennifer,Adams
65368a916e8aa4bfe350f292,Nicole,Walker
65368a914da7e18fdf781d4c,Patricia,Thompson
65368a9184f4e3374f3cd706,Emily,Hall
65368a910a20957c1d36ec21,Betty,Lee
65368a91e4064b7b15e75b5a,George,Brown
65368a917c13893be0f3d699,Christopher,Hall
65368a91df979572b0894698,Jennifer,Scott
65368a912616fc6fe673e718,Jacob,Scott
65368a91a7ec9e14edd6a6a3,Edward,Martin
65368a91efd0f1daf5d4d603,Daniel,Moore
65368a9119c2dfa5cd0fd42b,Barbara,Moore
65368a91dd9311f803ab0fdb,Emily,Young
65368a91c5353190a8b11a38,Christopher,Robinson
65368a9107032b674f8178a8,Emily,Williams
65368a91a16f3c70129144c7,Margaret,Hernandez
65368a9157bc725309398092,Elizabeth,Williamson
65368a912f61bdf8164590f9,Margaret,Scott
65368a916f22d886009e4e53,Ronald,Baker
65368a91ff1a05e95517f50a,Christopher,Allen
65368a916c0f7cfd966bc68c,Patricia,Taylor
65368a918a0721804b8f9ac0,Ashley,Garcia
65368a91741db81c88e62fe6,Susan,Martin
65368a911e90465924200b3d,David,Lewis
65368a91c6acb8e0f03bbcc2,Emily,King
65368a91ec533ad7e6ca568a,Jessica,Adams
65368a910838b92e85ec22be,Richard,Young
65368a9187090adad03946e8,Lisa,Harris
65368a91bdf3334262579030,George,Williamson
65368a91dcb2733f06aac389,Ann,Clark
65368a912301ee1c87869a0a,Eleanor,Williams
65368a91eb17efe71fcc0012,Betty,Taylor
65368a91e4c0fe66ec35eeb1,Mary,Davis
65368a91616b567e75c319d2,Jacob,Thomas
65368a9192a50c3d9f421e38,Lisa,Thompson
65368a9120551e6634f1d394,Nathan,Williams
65368a91e0aeed6b5522d2f0,Susan,Garcia
65368a915ec13ce87dcfe989,Emily,Robinson
65368a9175dd0ab695b0e841,Helen,Lee
65368a9183b2b9e75486cedb,David,Moore
65368a91bced78e7de5267df,Richard,Martin
65368a91e8078f02c9c1cbba,Helen,Williams
65368a91a54fed1158f42d99,Elizabeth,Martinez
65368a91adea8af6edc05461,Charles,Brown
65368a91b000c89f70bea84b,Thomas,Allen
65368a9106850c457ae09e8e,Barbara,Smith
65368a9198115dc87715c517,Shirley,Garcia
65368a91030b16ae283b1356,Patricia,Lee
65368a9175d7a73646ca55c6,John,Thomas
65368a911c098d33be55e56b,Charles,Jones
65368a9122b485c6cc1091c3,Kevin,Smith
65368a917f6f7cf2233422fd,Charles,Walker
65368a916a5781c24f935973,George,Baker
65368a912bf3ec3f96920cf3,Christopher,Adams
65368a91ed85ab87aa8c182e,Richard,Harris
65368a91ef065c0461bdc791,Thomas,Hall
65368a914f0c789b809ae6a8,Nancy,Carter
65368a91e51e319a45b5ed85,Dorothy,Hall
65368a91deddfbc0b28c62f5,Shirley,Gonzalez
65368a91d0c24136b0af13d7,Mary,Thomas
65368a91fa15391371765e84,Linda,Carter
65368a91f742635df6f45998,Thomas,Green
65368a91800942b0140848a6,Linda,King
65368a918d61854fca776f1b,Matthew,Young
65368a918ac6b70467a1e58b,Frank,Clark
65368a912ca702dadb04aa8e,Shirley,Martinez
65368a914b1fc66e741815a3,Ashley,Miller
65368a9164280b313ec58064,Frank,Wilson
65368a91a45a4e33f542e53a,Daniel,Brown
65368a919e88f590eec188a6,Matthew,Carter
65368a911ec9082267e8ea62,Jessica,Allen
65368a9146e0b64dad4525fc,Eleanor,Taylor
65368a916a6358ad6e7cda44,Lisa,Anderson
65368a9147588b02ff663909,Jennifer,Brown
65368a9131e5e4828c6f3f90,Joshua,Allen
65368a913b8a852ef33cda86,Ann,Davis
65368a91a4f48384fd3f35c4,Kevin,Thomas
65368a91224610ad98f0a436,Joseph,Garcia
65368a915bc92699e8ae80d1,Michael,Green
65368a911784f1027ead7e8a,Thomas,Lewis
65368a91eff4586b01fbfcea,Linda,Baker
65368a91fc79bd01570e57ad,Patricia,Brown
65368a9199398dfe521f7787,George,Davis
65368a9188a40ea4d88ddebd,Emily,Jackson
65368a91f7a5b2219e22e3b5,Barbara,Williams
65368a91d3f15a9867fb7034,Kevin,Williamson
65368a91d86754ecb7c9a07d,Betty,Williams
65368a9179c7f18d1b28b836,Elizabeth,Davis
65368a91d99aa1e208a7ab49,Eleanor,Thomas
65368a919cbf812213d832a0,Nicole,Green
65368a9159e96ab31726c447,Barbara,Adams
65368a9125d0c553c1a779cc,Margaret,Williams
65368a918da22528f06a6a76,Betty,Jones
65368a9156c7860d6c189c40,James,Clark
65368a91646bea56badf258b,John,Taylor
65368a913b04799af4fa9004,Edward,Lee
65368a91ee57055fd2d56997,Jennifer,Jackson
65368a91f1e8931d1766d99e,Barbara,Harris
65368a91177bc1b542d8f71d,Helen,Adams
65368a91f1edfcf72202f56f,Sarah,Anderson
65368a9182c856e1e6ccb1ba,Jennifer,Garcia
65368a91bc6a768c1d7f63d5,Elizabeth,Miller
65368a9145dd74d624717a1a,Daniel,Robinson
65368a91634de2e1ad7b7c16,Frank,Scott
65368a9123024a470e2585f4,Ashley,Brown
65368a915b91f18248f28fd2,George,Hernandez
65368a91f909f6e8d0e22c1b,Daniel,Young
65368a9111c380039c4d5880,Helen,Clark
65368a91ceedbafc87829a1c,Elizabeth,Lewis
65368a913af35539db540411,Nathan,Jones
65368a91393530c9cbd582ae,Shirley,Clark
65368a9197958336e90e01ca,Ronald,Johnson
65368a9137c0dff9d029e248,Charles,Hernandez
65368a91a6cbb71f96083085,Jacob,Anderson
65368a91512ad28e75f7a48b,Steven,Thomas
65368a91be736bcd435e1446,George,Johnson
65368a9128f45c69e8ca791b,Patricia,Harris
65368a91df8b90d8f5b08df9,Jennifer,Davis
65368a91498f97ded974bece,John,Walker
65368a91b422fe24ae66d2c6,Richard,Wilson
65368a917b8ee2ae183feaa0,Nathan,Allen
65368a91876c066286148d35,James,Garcia
65368a91ac46111a670d1ed9,Patricia,Robinson
65368a91559202c477234403,Frank,Davis
65368a91922f008c9ef2c77c,Helen,Jackson
65368a91e2f226e26e263f15,Charles,Carter
65368a919fe2c339e7593222,Charles,Anderson
65368a918af6db3b2029da8e,Betty,Moore
65368a91b8e18da358583944,Matthew,Smith
65368a919197494c9341a2bd,Frank,Gonzalez
65368a91c65b073d5230fd7e,Betty,Miller
65368a910423e0ed5a1ca545,Nicole,King
65368a918f0f56861f9a9f64,Susan,Clark
65368a91e80395746e8baa68,Frank,Green
65368a91a80c2767a12f1671,Frank,Johnson
65368a9172a6ea96326f0d5b,Joshua,Clark
65368a91f33f21fc2cad1321,Elizabeth,Taylor
65368a9140f440290e3de8b3,Nicole,Moore
65368a918951ad3784d2a24d,Eleanor,White
65368a91f004a3f5d2a187b3,Ashley,Smith
65368a91dcfd08bc8a1562a3,Ann,Baker
65368a91adb2090dd83adcf3,Matthew,Wright
65368a9161a79fc67295ecc4,Andrew,Jackson
65368a9109b3982166aa2c52,Ann,Johnson
65368a9109dbe6d0771d483f,David,Wilson
65368a91bea1a9d342ad9363,Helen,Allen
65368a91a0270a4ffdd64819,Shirley,Scott
65368a91c7395b226bd76970,Nathan,Smith
65368a91a4bf77414c569e99,Linda,Miller
65368a91259fc4483567224b,Linda,Hernandez
65368a911196a01b7fdcaf01,Nathan,Brown
65368a91f3a79ee19740eb50,Jacob,Moore
65368a9152bdd6784f58f369,Michael,Thomas
65368a919f0f9de381d65d39,William,Gonzalez
65368a91969108f2189ff38e,Jessica,Brown
65368a91c9bf7df8bbde31cf,Christopher,Green
65368a91b5bf155898f4bcf4,Barbara,Brown
65368a91f6270075887f89c5,Thomas,Thomas
65368a9182cca2054fd79bec,David,Clark
65368a91bc5e68693c9b8a97,Emily,Allen
65368a916006cb5cb3fd4b31,Ann,Hernandez
65368a9117ad9c1983e52079,Nicole,Johnson
65368a91b0f4dfb3ca87b484,Eleanor,Baker
65368a918370fb8c4f2f541f,Eleanor,Brown
65368a91965f862005bdf495,Jennifer,Williamson
65368a913dece9eafcda7b0d,Jennifer,Baker
65368a91f05d552fc66ef738,Emily,Gonzalez
65368a91626c06a8754e10b2,Nathan,Baker
65368a91378497d957c50256,James,Moore
65368a9179ed147b98bfb3c3,Matthew,Jackson
65368a91e602b72302ea06ac,Nancy,Moore
65368a91ef5ff768fafd2976,Nancy,Robinson
65368a918ddea39ca167aafa,Thomas,Wright
65368a91cac8f405c8f80e4b,William,Clark
65368a917650de1b6642e3c3,Elizabeth,Jones
65368a91e95abe6da3dde067,Dorothy,Allen
65368a916c1f3842ffc2e55a,Edward,Martinez
65368a91675ba4598a2192b4,Richard,Scott
65368a91132734e65fc31e15,Lisa,Clark
65368a916b92b5c44b8c5621,Kevin,Martin
65368a912498419b89d30732,James,Baker
65368a918543f0ad28b9e38d,David,Wright
65368a91c048368436ee72f2,Eleanor,Jackson
65368a91668f2026841a869a,Linda,Smith
65368a91769c43b28de7ae8f,Christopher,Jackson
65368a91f70545dd18e5c5a2,Jacob,Jones
65368a91c00ac35f6522dd36,James,King
65368a91483ff27db95275c2,Matthew,Anderson
65368a9128d8e5bc35c7180d,George,Gonzalez
65368a914c34b4a134a14180,Helen,Green
65368a9189d61d04336d6934,Helen,Martin
65368a912f9a1b0e7787cbc6,Margaret,Davis
65368a910bf98aeda48e8166,Margaret,Baker
65368a91290c9419a19283dc,Jennifer,Jones
65368a910d944b167f98771a,Matthew,Williamson
65368a91d4149c6c2bb37dad,Jacob,Gonzalez
65368a910ac3eb1641fdb2ec,Lisa,Garcia
65368a9176d260587e466e72,Nicole,Scott
65368a91071260afe0464113,Elizabeth,Jackson
65368a918cdacbeb72a337fa,William,Martinez
65368a9145080802f67180b1,Dorothy,Davis
65368a91577cfbb58f2b7ec1,Steven,Wright
65368a918167f05a0a5bcc2a,Nathan,Moore
65368a910eb77c1b8d4106b1,Frank,King
65368a91d06b70ad91032d2f,Helen,Hall
65368a916da8d9f1309f6b88,Nancy,Gonzalez
65368a91c949590fb6dfc93a,Patricia,Wilson
65368a91d747c70617a5095f,David,Williams
65368a91ee33478897292772,Steven,Gonzalez
65368a916d6a424f6d124d4a,Mary,Baker
65368a916f044c700a6d9e44,Linda,Green
65368a91d731739fe8acb1e1,Eleanor,Scott
65368a91bc6e9d2448848a95,Ann,Gonzalez
65368a915f7530d4d010d486,Sarah,King
65368a9105e9409c417abaa8,Ann,Young
65368a91e7f2f4271f787eab,Jennifer,Carter
65368a91b9822b8099ebf586,Ann,Garcia
65368a9185068a18bc859258,Nicole,Harris
65368a915f45d9b47b13b329,Andrew,Wilson
65368a91f1fe930c7ac2b47a,Andrew,Williamson
65368a916d060a48bdbfb536,Lisa,Williams
65368a91e07083448f9e1540,Daniel,Jones
65368a910e7e953864a0e7a7,James,Walker
65368a916b9ec6dfcf250877,James,Martinez
65368a9123d50f051d4199dc,Steven,Robinson
65368a9110600814208bab56,Edward,White
65368a913af174bf97e393c3,Jacob,Williams
65368a91d7e37184e1bb3401,Daniel,Williams
65368a913b94b1b586ab6f95,Ashley,Carter
65368a91239a64ac97fe34f5,Joshua,Jackson
65368a91c55cc18715825a4e,Nathan,Green
65368a913620088f97bfb2c8,Ann,Lewis
65368a91e97d54cd9bfba6fc,Jennifer,Lee
65368a914f08fdcff5ed05de,Joseph,Green
65368a916c523d1f7542baf0,Edward,Johnson
65368a916e7fef47f7a308e2,Michael,Adams
65368a91b0479eb59ef8bd70,Sarah,Brown
65368a918aefd4dd2d2ff422,Ashley,Davis
65368a91ecc20871ad36570d,George,Garcia
65368a911b859261b53e2890,Lisa,Jackson
65368a915d2502c2a5ea804b,Emily,Jones
65368a91958fb1360836fd9a,Nathan,Jackson
65368a91b3c78d84fbd7237a,William,Young
65368a9126747783c6936c50,William,Miller
65368a911e4d50c14bec27b9,Lisa,Walker
65368a9140413d1b068d7730,Richard,Gonzalez
65368a91d3d2fad1317ebaee,David,Gonzalez
65368a919727521156d67faf,Matthew,Williams
65368a911bf37ec1fa23d372,Helen,Carter
65368a91e4099697e7793beb,George,Harris
65368a91209bea02d7895800,John,Brown
65368a91977da70ca9888e05,Charles,Green
65368a9185637255b935817e,Susan,Robinson
65368a916219f11da6be805a,Nathan,Wright
65368a9119d9cc6e158d1e99,John,Davis
65368a912d076425c985f8f2,Nathan,Martinez
65368a9195adfaa75cc201c5,Emily,Walker
65368a91a3ba4a64111841b6,Susan,Harris
65368a91229c3012c3852023,Emily,Lee
65368a91060577a2f28b7a0d,Steven,Brown
65368a915cde0fc8a3db640f,George,Miller
65368a91eaf0c06bad7720f0,Dorothy,Smith
65368a91258ac66e140cc281,David,Williamson
65368a91a9866881bc046910,Christopher,Scott
65368a91ed411441b981cba8,John,King
65368a916de7fa8c8112efc4,Linda,White
65368a9147228552fd5b4d7d,Jessica,Robinson
65368a91057a72525d739155,Edward,Jackson
65368a91e1188c2b573d3ba8,Matthew,Garcia
65368a91da5ba40a20812636,Mary,Hernandez
65368a9180402ef58c1f130b,Steven,Adams
65368a91f82954a70bb60b0d,Jessica,Davis
65368a9140b431d56b4940c4,William,Baker
65368a91280454e5f984c9b3,Richard,Allen
65368a912524c7c7e5df7c23,John,Anderson
65368a915e93c384c28a89d7,Andrew,Davis
65368a91c9659627cec352c8,Steven,Jackson
65368a919dc23cee855ff85f,Edward,Garcia
65368a910ef2b587cefba26d,Betty,Baker
65368a913e383a489470a795,Susan,Adams
65368a9150052950a25091e6,Eleanor,Lewis
65368a91e1348cc326d1c362,Elizabeth,Baker
65368a91e23a3b2a63c4fc97,Edward,Miller
65368a911b59009ef8c30268,Eleanor,Miller
65368a912145e0bae53df518,Matthew,Miller
65368a91a4e53238f5a3178b,Frank,Carter
65368a916b2a31c55d09eddd,Edward,Moore
65368a913e6649d043fe85f9,David,Robinson
65368a91605434c7f097dd78,Charles,Johnson
65368a9170162c58480d2490,Jessica,Martin
65368a913f8feb2a53e53883,Helen,Taylor
65368a91a29307d92c1e0c52,William,King
65368a915e876c1270ff6ed1,Christopher,Johnson
65368a91468fddea711fccc3,Steven,Martinez
65368a91d58f3aa3abc13551,Ronald,Adams
65368a91484b5f34ce17ff4c,Emily,Garcia
65368a912aebd3e6d734b43f,Ronald,White
65368a9197abc65520281123,Emily,Scott
65368a9152b7be3623052a83,Matthew,Brown
65368a9141cc93325b036125,Joshua,Scott
65368a916347e1fb6911fc1e,Nathan,Johnson
65368a91c407095e5500d8d6,Ashley,Wilson
65368a91422b1d3d67a7dec5,Ronald,Young
65368a91a606348f93866316,Kevin,Davis
65368a9171a0d8934ee1bdd5,Ronald,Hernandez
65368a9128edbd3c4c142ee8,Joseph,Carter
65368a91f86511c7013d6c99,Barbara,Garcia
65368a912d17d7c530e20ff0,Jessica,Gonzalez
65368a91aa4d35eb1db8dca2,Andrew,Martin
65368a911d9a960557c479fa,Jacob,Hernandez
65368a915611e8f36c79280b,Helen,Baker
65368a916c41fdb5f9ec8ab2,Edward,Smith
65368a91116bd251dbb3a4cd,Linda,Lee
65368a91714b1bd5fddf2df4,Sarah,Williams
65368a91afcb1a48d19a9c8c,Thomas,Taylor
65368a91e3ad5c6ceb6c4580,Joseph,Brown
65368a916ced7155e335183f,David,White
65368a915003e145164d62d7,John,Hernandez
65368a919603106cfae008f0,Susan,Moore
65368a9127da7187abdd3215,Barbara,Martinez
65368a918ef614492e54ba59,James,Brown
65368a91b8509098a47855cd,Kevin,Jones
65368a91d5eb0e40cc3a2d4f,Edward,Thompson
65368a916f24442bc203062f,Thomas,White
65368a9156095f02fc4eb5fc,Elizabeth,Martin
65368a9162579085cec69307,Nicole,Clark
65368a912528443e3911d97b,William,White
65368a91f392a7afe035ef63,Helen,Thomas
65368a916f28cc7b240139c7,Ronald,Allen
65368a91209bdcae6ec1f396,Frank,Young
65368a91a56a48dd4b823e7b,Ann,Taylor
65368a9104dc833e31c5d5cd,Susan,Scott
65368a9163f727649d0f0e2f,Ashley,Wright
65368a912ccd38543e5c697c,Nancy,Garcia
65368a910c931330ea729e0f,Michael,Wright
65368a91e6459ea2e8084af3,George,Jackson
65368a918853c2ebc40194aa,Ann,Anderson
65368a91ad79828366d8c74f,Christopher,Williamson
65368a915cd40f35358ba0d8,Linda,Brown
65368a9132e6094bb4959531,Barbara,Martin
65368a91842d9ec767440192,Betty,Allen
65368a917bf7fe6bac168851,Edward,Anderson
65368a917254e137b8f3dda0,Patricia,Adams
65368a9115d1f482396045ec,Daniel,Thomas
65368a911b9f54fea6839a92,Lisa,Williamson
65368a91f7469cd8c0811f4c,Joshua,Harris    
65368a91fcb99316da2c1452,Nancy,Johnson    
65368a918228f480543e0bff,Thomas,Lee       
65368a91e06075e8ada523b6,Jason,Wright     
65368a91ac97aa6e47177b3a,Hannah,Gonzalez  
65368a9109fafa48f8ead5d7,John,Anderson    
65368a917cf4af95aa1dbb76,Mark,Miller      
65368a9115aa05eee8e6f8bc,Sarah,Lewis      
65368a91dd8c5d3da750d14b,John,Wright      
65368a91373b0c7bded1aca9,Amanda,Walker    
65368a913e55d2a1d493156c,Emily,Green      
65368a9111cbdbebbf586640,David,Allen      
65368a910d3f0c57d7a6ca72,Rebecca,Walker   
65368a91b529f4d9713032e6,Christopher,Lee  
65368a91a3667508b97e794e,Ashley,Lee       
65368a91bd31b4b1516f148f,Emily,Hall       
65368a91e15675d5415d9914,Matthew,Taylor   
65368a91a39de0aef8766b26,James,Williamson
65368a9107c2384c9868a50f,Thomas,Davis
65368a91fd205c07a32d10ef,Samantha,Lee
65368a91ca9102821e9590ff,Hannah,Smith
65368a91d0e92b1e6465ac20,Scott,Garcia
65368a91bc72b7db281a41b8,Daniel,Scott
65368a91dc1c855f26660d3c,Amanda,Miller
65368a91d025c11a63be0aa7,Matthew,Scott
65368a917715b4423117ed57,Ashley,Lee
65368a91ba6f1dd02a86015b,Mark,Lee
65368a915b17176bafb9d644,Jason,Anderson
65368a91a64053ff0f36d3bf,John,Green
65368a91bba9a0f02196f3f9,Susan,Lewis
65368a91581dacf8dbf5b931,Mark,Jones
65368a9195b64be8c0511d92,Samantha,Garcia
65368a91b9076507abe94bcb,Samantha,Allen
65368a91751159698068f3de,Rebecca,Young
65368a9149b781ac2ca3dfa2,Stephanie,Williams
65368a91c753af8833cd440e,Rebecca,Lee
65368a91bc92482f3d7417f0,Amanda,Scott
65368a91401efad9558b68f2,Rebecca,Martinez
65368a91f79174f4130b0d98,Nathan,Thompson
65368a912e136396a425923e,Hannah,Young
65368a918dd25052d8cb3779,David,Martinez
65368a91d40c582e7734fa0d,Barbara,Scott
65368a91640e274f07c8a3b6,Richard,Williamson
65368a9166d3c3bcf36ed40d,Samantha,Walker
65368a919c5606fea1ddfcec,Steven,Hall
65368a916bab8ecc48c681c2,Rebecca,Green
65368a916ccdb85323d23958,Amanda,Lee
65368a91c8d23a38551e838d,Mark,Allen
65368a9111871924f8c37f2f,Ronald,King
65368a915a19d0063e136cd3,Richard,Brown
65368a91e6081a3ddec0557e,Emily,Smith
65368a910fc5b5bbda691ee7,Rebecca,Baker
65368a919d8fe8fb21ef12e1,Linda,Martin
65368a910b61f45e6c549338,Stephanie,Taylor
65368a91eb46844d5e943d1b,John,Clark
65368a91b764daedb0bebe56,Jacob,Garcia
65368a91f8756198669bd12a,Matthew,Hall
65368a91c5e913a8fb5da45a,Rebecca,Robinson
65368a910c8709b9808e4675,Anthony,Thompson
65368a91bea4460787368cf8,Mark,Clark
65368a9150ee6294ee479ad2,Brian,Harris
65368a91adf1877185575ee9,Rebecca,Allen
65368a91a7caf1e854fab9d5,Edward,Walker
65368a91748a1a1e6e741f7d,Samantha,Jones
65368a91e737bdfdf7940ef7,Daniel,Carter
65368a915072dac09c2043dc,Jason,King
65368a9173bef3ceb01fb283,Hannah,Miller
65368a91c2562edfd46e1313,Brian,Thomas
65368a9143906d3fec7a7e0e,Michael,Davis
65368a917c5d5968bb5d7dc9,Rebecca,Martin
65368a913736c0d05e4b0eaf,Stephanie,Smith
65368a9190c97bec1a8ac6c5,Jason,White
65368a91c1ef3a0a9658766c,Amanda,Anderson
65368a919e844003a42b10d1,Amanda,Green
65368a91c4ab41112cb5f24d,Samantha,Thompson
65368a91d70bcf3aa397c76c,Rebecca,Scott
65368a913e4bdde41941a4f0,Charles,Gonzalez
65368a91fb062599a2d046a7,William,Williams
65368a9123482e2e85c9218e,Samantha,Lewis
65368a91eed5af817abc636c,Stephanie,Scott
65368a91536cbf4673b382f7,Samantha,White
65368a914356c572f8437584,Joshua,Smith
65368a919c9adb37e744e114,Brian,Carter
65368a913f14f5d67a3ba345,David,Scott
65368a91462f6b164eebd8bd,Michael,Garcia
65368a9147858498ffe04f2e,Andrew,Williams
65368a918d7d97a9842dfdaf,Stephanie,Miller
65368a91d3d18112c9ecb19f,Samantha,Harris
65368a91bc27be8a04e47f5d,Nicole,Smith
65368a911f27cc62dae906ea,Nicole,Baker
65368a917cb8e1f09cefe79a,Daniel,Martin
65368a91ab096e9f75c08225,Jason,Brown
65368a9173af54fdd74522ff,Matthew,Martinez
65368a91ab880c2e021975b2,Rebecca,Hall
65368a91e74ca1b4110ec958,Andrew,Taylor
65368a9185515b55bc63167d,Robert,Garcia
65368a9103ed54681d9da94a,Brian,Lewis
65368a911c7469da5663c5ae,Michael,Moore
65368a918a077e839d7f72d8,Ashley,Thompson
65368a91020671ffaa7b1879,Stephanie,Martinez
65368a91d16abaf85fddead9,Stephanie,Young
65368a9139c8229d02fed05e,Charles,King
65368a91f10e79dd26c509b6,Hannah,Clark
65368a91008c69eb68ea9f0b,Andrew,Carter
65368a912f44fdd19bfa2b77,Stephanie,Hernandez
65368a91f08122fd3fa38107,David,Adams
65368a9116778b2684ebecb9,Jason,Lee
65368a918ea575096f726adf,Samantha,Martin
65368a91d21b041bc2f69dca,Thomas,Martinez
65368a910d79be034bb1818f,Margaret,Martin
65368a91c2233452486c9ee3,Amanda,Robinson
65368a919cdfb926e9ba5321,Emily,Miller
65368a9157a8bb7549471f9e,Amanda,Harris
65368a91deb5754826205d3e,Jason,Lewis
65368a9186ce5d92cd4fe692,William,Allen
65368a9147df7726b2fdfc11,Stephanie,Carter
65368a91b02f68af5c1de647,David,Davis
65368a91a20cb2329c26419e,Hannah,Hall
65368a918e18a6aca34b3634,Paul,Anderson
65368a9170aeae4616f51752,Joseph,Williams
65368a91eacefeb6f114d9fe,Samantha,Martinez
65368a91b4a3031cf9dc824a,Rebecca,Clark
65368a91e54225e744737485,Nicole,Thomas
65368a912f64783c687aec33,Stephanie,Walker
65368a91194338c494077fc3,Andrew,Smith
65368a91d88ba951157e7862,Amanda,Martinez
65368a912b200d6463052cee,Brian,Taylor
65368a91961be15f4306958d,Daniel,Garcia
65368a91a18d826f53282dac,Amanda,Smith
65368a916c14636f80a3242c,Patricia,Anderson
65368a91e09c2d36a7889e7b,Mark,Lewis
65368a91533eca1f9b63f192,Amanda,White
65368a910a1e88ff5ff9004d,Hannah,Brown
65368a91ce5c0da2d876ce6a,Scott,Miller
65368a918be09a36e0832e70,Rebecca,Lewis
65368a912f412182f5193a03,Emily,Johnson
65368a9143ebffcc3498261a,Rebecca,Wilson
65368a917f8eeb6d0488690c,Daniel,Smith
65368a91cdacb511376c7adb,Paul,Wright
65368a91c161c368b92d8cf7,Stephanie,Hall
65368a91b64aa84d9bcb6ecf,Jason,Thomas
65368a91dbb9c04d44b1268f,Samantha,Baker
65368a91d5228af0f7e7f4fe,Thomas,Williamson
65368a910be4837fd56248c9,Stephanie,Adams
65368a917a67b10853781b16,Stephanie,Lewis
65368a919aac701fb4206914,Hannah,Martin
65368a9170a152d67afd43fb,Samantha,Brown
65368a9181fda64f11b743df,Paul,Wilson
65368a91250e83330361d95f,Jessica,Jackson
65368a917bdd9615fb567072,Samantha,Miller
65368a912d74b7357a2b66a0,Brian,Miller
65368a9155d70b05c7f83a73,Hannah,Martinez
65368a91b4c417323a397272,Christopher,Davis
65368a910d17e831304ee847,Amanda,Thompson
65368a919b94ff14a976204e,Samantha,Robinson
65368a915b96fea0ef0f8fc1,Paul,Hall
65368a915157b4e7939bbe9f,Rebecca,Jackson
65368a9136b1674a3a2abb18,Samantha,Clark
65368a914aad4620e3df0945,Jason,Jackson
65368a913bf7daf64eb85fdc,Thomas,Lee
65368a91efd42765b13558a5,Nancy,Hall
65368a91fbe646e028be92a0,Robert,Taylor
65368a91a6ec9ff6cef12d8f,Hannah,Scott
65368a91566840287fbac0ed,Samantha,Scott
65368a915d56864d12be98bb,Stephanie,Garcia
65368a91b7d14393afb792e4,Samantha,Gonzalez
65368a91015e4c2b41d5c3e5,Amanda,Williams
65368a91141f0178e0e7c281,William,Johnson
65368a91b9292cab9523bb36,Scott,Harris
65368a910254912a8d420042,Robert,Martinez
65368a915fa4b06e6866bc91,Jason,Young
65368a91ae4da7a34563d510,Hannah,Harris
65368a9185aa3557126b2f3d,Paul,Hernandez
65368a91f5444c867900a63b,Robert,Hall
65368a91f1838c60c6adb68c,Rebecca,Jones
65368a9140e0ac757619b877,Matthew,Green
65368a9147cf309e7cea8b68,Rebecca,Anderson
65368a91b8b4e1a52b382d52,Joshua,Walker
65368a91e278d308c93c8e68,Amanda,Clark
65368a916f6aa689ba215bc4,Hannah,Jackson
65368a910ff7e2e368f56a05,Hannah,Garcia
65368a91651f6a0b78252819,Hannah,Johnson
65368a91c8c75810b48433e0,Hannah,Jones
65368a9104dedaed713b219d,Stephanie,Harris
65368a91037d7f16fef202ab,James,White
65368a91f607167730a5e003,Brian,Davis
65368a91af0d94fc09181c35,Samantha,Hernandez
65368a91ebbbc4a90f19eee2,Samantha,Anderson
65368a910af6a42df24b7d3e,Emily,Davis
65368a917e89eeee943bdd4a,Mark,Williamson
65368a9171250b692a75cab2,Mark,Garcia
65368a917034723b85400fac,Amanda,Lewis
65368a91f08b71722412a706,Amanda,Wilson
65368a910d583ddb94871962,Amanda,Gonzalez
65368a9194f8963a40285296,Margaret,Allen
65368a91ed541acc424b0db9,Stephanie,Martin
65368a91ae947e4e8a4aa870,Charles,Lee
65368a9154392de4cc3dcf29,John,Baker
65368a91d2549f998c573dac,Paul,Williamson
65368a9139c3245973da14b8,Emily,White
65368a9146eb06547de0134f,Stephanie,Jackson
65368a91ce7e4aae509c34c0,Susan,Baker
65368a91377d254cf1b1ea34,Stephanie,Green
65368a912b578b547f4360f6,Samantha,Green
65368a91e68600414f9cafa3,Lisa,Martin
65368a919499ad738511325b,Amanda,Walker
65368a913c3c3d1f43d84e20,Stephanie,Brown
65368a9155bc5afa4bb89d15,Amanda,Hall
65368a91ca4c7101fe7aa663,Jason,Clark
65368a913d4e7249ce3fa7ac,Scott,Green
65368a91e0a892a1a521bb59,Paul,Jackson
65368a911104e41bb9c7a04e,Amanda,King
65368a91756d389374c63567,Jason,Martin
65368a9154ce597b17a926ef,Jason,Moore
65368a912b52e254dc20511f,Stephanie,King
65368a91632fbe5f0e0c4f19,Hannah,Wright
65368a912b89fcdc1ac31ca0,Stephanie,Wilson
65368a91e9edb2ca1e8c4ea0,Amanda,Young
65368a918ea0fcf998799df6,Robert,Thompson
65368a91fefa8968f085a604,Michael,Johnson
65368a91a1729a9d47cc858e,Rebecca,Walker
65368a91d231045a358fc7ad,Stephanie,Gonzalez
65368a9124e66c16f424c306,Mark,Hall
65368a91a51edc36c0f14b8c,Michael,Baker
65368a91a8da67628f488820,Paul,Green
65368a912d258d4af6ba9c55,Emily,Wright
65368a91f9d7733d768f94d3,Susan,Brown
65368a91ad56bb4b706c3f07,Robert,Wilson
65368a91ad58b33a699fdae0,Ashley,Walker
65368a9175c63b095edf78bd,Stephanie,Allen
65368a91a70b7cb30f76fba2,Hannah,Davis
65368a91ff5ee84026f2370e,Samantha,Williamson
65368a91446527cc224d8d43,Christopher,Carter
65368a91339a1729c14b012a,John,Young
65368a914b3419c97afa5a61,Amanda,Thomas
65368a919a97d3d225c2a665,Amanda,Hernandez
65368a912fbc1d8ce9ce6590,Emily,Wilson
65368a91cdc3bc910092a44e,Samantha,Moore
65368a91dce6e8b68275d5e7,Robert,Wright
65368a91be377f21012ca28b,Hannah,Hernandez
65368a91d0eac9759196168b,Stephanie,Lee
65368a9110fb3fec1d66ed27,Hannah,White
65368a91b9db76103ee2e23f,Rebecca,Davis
65368a9194ca8f88b3a512f9,Samantha,Young
65368a9102b96cdd53b53f28,Scott,White
65368a914eedbc7bc7624031,Hannah,Thompson
65368a9124288b2e1197a346,Paul,Moore
65368a91c35e07ce17c40e20,Joshua,Carter
65368a91fcb0bf9e93042380,Hannah,Anderson
65368a913a337a30ad5d6149,Hannah,Wilson
65368a913fabfdd6e64d3768,Joseph,Gonzalez
65368a91ac3369a49bc0b8ce,Charles,Scott
65368a91763536a25bd18db0,Samantha,King
65368a919647b10a70b1384c,Robert,Hernandez
65368a91e8f3ae7cca761368,Stephanie,Jones
65368a9149db56d15f517ae7,Ann,Green
65368a915b74de6d4e8d1603,David,Taylor
65368a9198c82b35bcb90e61,Amanda,Martin
65368a9155917d50581a26c6,Rebecca,Brown
65368a91387ff7b8b2fd51a1,Rebecca,Williamson
65368a91b5ab8c2ea551981d,Robert,Adams
65368a9126af42d17067c482,Christopher,Walker
65368a91fd1cdb0b38a576d1,Ashley,Jones
65368a91615a98ffb09a3585,Jason,Walker
65368a913b0bd87352c57d7b,Samantha,Davis
65368a91c2cf487e86e9035d,Amanda,Jones
65368a917dd8c07daea7a18c,Rebecca,Thomas
65368a91a2d60ae72438286b,Joseph,Williamson
65368a911a10acb31579ad10,Amanda,Taylor
65368a91a386918e115cb5a7,Mark,Martinez
65368a91b699f046110db96f,Paul,Allen
65368a910a6455e62e1f43a9,Samantha,Hall
65368a91a9d843ced411c329,Brian,Hall
65368a916c6e4e09937a02a4,Joseph,Baker
65368a91dfd505dc1ca7ee61,William,Martin
65368a911cca633943118a9a,Hannah,Allen
65368ab85a0107abc0ed337f,Brian,Wilson
65368ab800d8aa70f69aaf6a,Mark,Harris
65368ab8942ddb72238a8a66,Scott,Walker
65368ab85a70677c6e93de3a,Rebecca,Thompson
65368ab85e85256830d4fb4d,Michael,Young
65368ab8b3808cd13737e88d,Mark,Wilson
65368ab87968323d7295c70a,Joshua,Baker
65368ab8eeb2d0b21a48b35c,Jason,Gonzalez
65368ab810a6a289935e6719,Hannah,Lewis
65368ab8046da85d91e13b90,Anthony,Anderson
65368ab8fa0425ab733bd452,Mark,Walker
65368ab86bd37d17e9768f1e,Joshua,Green
65368ab86206c6b25a364d50,Scott,Clark
65368ab80b45af11580b8552,David,Carter
65368ab806a26a4c06ae3f7c,Steven,Baker
65368ab873a35b4f177d1d04,Anthony,Brown
65368ab843fef17cd4b813cd,Mark,Gonzalez
65368ab8678a7da882418844,Ann,Miller
65368ab809c78bb73c446712,Paul,Lewis
65368ab875c70dcb7017fddc,Rebecca,Hernandez
65368ab8e84df91c332cbf81,Mark,Adams
65368ab832c3b3130e425bc4,Nicole,Miller
65368ab8d0a75074993e1a60,Christopher,Lewis
65368ab814f1efee3bd65797,Scott,Martinez
65368ab8e2cc03de18497fbb,Rebecca,Johnson
65368ab89964fbda968ef85c,Paul,Johnson
65368ab8f7d899724420279a,Paul,Martinez
65368ab8ad201d9e8c981de3,Steven,Wilson
65368ab87afab84b1bb8a491,Amanda,Wright
65368ab8282cd4a2862b86db,Andrew,Jones
65368ab8ac6b3cbebfb19b52,Mark,Wright
65368ab868989eeaa8b5f554,Jason,Thompson
65368ab89db90afba8c1c478,Stephanie,Anderson
65368ab8e84393e68f5a9482,Andrew,Moore
65368ab84b06abff6e24dcc4,Emily,Taylor
65368ab8874bf9e9ccb0bdd5,Nathan,Baker      
65368ab8f01fd5316164063f,Nathan,Miller     
65368ab817d3bae58cd22e3a,Rebecca,Martinez  
65368ab8c27df81035e1cb29,Michael,Allen     
65368ab8a116f399ef4e68ff,John,Walker       
65368ab8717df1cb8b3ac3f8,Ashley,King       
65368ab849e77c4ccf4c620c,Ashley,Carter     
65368ab8b9339cd53ab8d8e4,Andrew,Brown      
65368ab8ae216d5260e416d7,Brian,Lewis       
65368ab821800ac061115926,Mark,Gonzalez     
65368ab81a127a601f1903dd,James,Thomas      
65368ab879f9afb787455f4b,Scott,Lewis       
65368ab8932363bb2a81cffc,Rebecca,Hall      
65368ab82d5afdfb73ba53c1,Edward,Hernandez  
65368ab884ea05aa5d1d0b3e,Sarah,Allen       
65368ab8bc953fcd5ac82f0f,Nancy,Adams       
65368ab84b15023d51b92418,Daniel,Hall       
65368ab867eb5e840dec29a7,Hannah,Adams
65368ab8121b665c4654bf83,Amanda,Jackson
65368ab8c62ea0360f89c9f5,Joseph,Wilson
65368ab8f1a9fcfa8a983bc0,Christopher,Taylor
65368ab801aa0cbdbe485037,Rebecca,King
65368ab82ca4034ef2b1f4c9,Brian,Moore
65368ab86fc14d8f07d9d1ac,Joshua,Harris
65368ab8beb0f9625ef5ecb3,Nicole,Brown
65368ab867362980fcc4644b,Jason,Green
65368ab88e9e77bb67993e50,Paul,White
65368ab8a5167f77392957de,Mark,Smith
65368ab8c50729c007882422,Amanda,Garcia
65368ab8ee7dc12209ea89a9,Scott,Lewis
65368ab8fc128b909fc46b08,Scott,Martin
65368ab8c7a38fd9fc630e81,Mark,Thompson
65368ab85451cf4bed823b93,Edward,Lewis
65368ab82d97bf13e0b13ea6,Amanda,Adams
65368ab8a8060935ff6c292a,Ashley,Williams
65368ab8dad0908e8122b8d3,Rebecca,Harris
65368ab8874e005427769f36,Christopher,Thomas
65368ab897166cb48e6b81e8,William,Taylor
65368ab814c830f766f59b20,Ashley,Hernandez
65368ab8646580ce6828ec8b,Joseph,Johnson
65368ab8716ed10ad7d1d6de,Edward,Carter
65368ab8869a6b987ea4b07b,Hannah,Carter
65368ab8d083703f9832b218,Mark,Scott
65368ab8ca7805a11521e768,Brian,Lee
65368ab8a5cd42f912e1db5f,Scott,Anderson
65368ab8549e4bbf56d5b864,Stephanie,Thomas
65368ab8bab5eb138f607eb9,Stephanie,Wright
65368ab8510d51ebcd91e115,Thomas,Jones
65368ab8dd566fbd02cd44e5,David,Martin
65368ab894d0e1999844cc53,Richard,Adams
65368ab81cbcab5acbf49617,Rebecca,Smith
65368ab8cff0a4686b0512a6,Scott,Thomas
65368ab826d5bcc92b22d1bb,Edward,Allen
65368ab82fc05cc7c99d80e8,Lisa,Scott
65368ab8a4bae05e53e999b8,Samantha,Smith
65368ab8b0e40da7ce53abf3,Mark,Robinson
65368ab8cd1303606c2c3d04,Mary,Johnson
65368ab8a62ef7008a60ad9c,Paul,King
65368ab8ef33bf428a6a60e4,Jason,Harris
65368ab8960487cb7dd3f85f,Scott,Jackson
65368ab8b62e5f5f3ce6a7ed,Shirley,Davis
65368ab836575db34a17d762,Michael,Walker
65368ab8b708218e0f6a1348,Samantha,Taylor
65368ab8edd69911a6db522f,Scott,Williamson
65368ab8ed2d3432f34498d6,Michael,Scott
65368ab8372207b56bf35a16,David,Johnson
65368ab81980557b3284784a,William,Jackson
65368ab8ba95bf7cbd0b4cf5,Brian,King
65368ab80d8eeb4ca82aace5,Robert,Carter
65368ab867087eb4d191ddd1,Amanda,Johnson
65368ab8e046a21f264a9538,Hannah,Robinson
65368ab8033a2bb2922caa60,Scott,Scott
65368ab8a89bab15d810ea12,Stephanie,Robinson
65368ab817dfc274948cd44e,Jessica,Carter
65368ab81e23d6f09f7a725f,Amanda,Allen
65368ab8d7be36aa9445e6ec,Hannah,King
65368ab81983ec2dabc492cf,James,Wilson
65368ab8b09b07ae993ada0c,Stephanie,Thompson
65368ab82c28ee00b8a7cbc5,Richard,White
65368ab8b1d9b977f88e875f,Jason,Robinson
65368ab850e9eb3d97350ef2,Paul,Carter
65368ab81cca5f1e51b60236,Eleanor,Wilson
65368ab8893e1e8adc0bc8c8,Ashley,Baker
65368ab8ff667d9eefb6c176,Samantha,Williams
65368ab87d1d79b852c2d9be,Edward,King
65368ab8f10cc8e1c08ad83e,Michael,Carter
65368ab86b65032f888e522f,Ashley,Gonzalez
65368ab8f47c7a0648b50f1a,Scott,Carter
65368ab843ff4996860e4817,Mark,Taylor
65368ab8ac5034a9bc5d2a22,Samantha,Thomas
65368ab8b6670ec424febcb0,Scott,Hall
65368ab88a324ebd1e176225,Christopher,Miller
65368ab854a58454e2aced60,Shirley,Adams
65368ab836ffdc02f0433cc6,Scott,Thompson
65368ab84dd11272f9f5eb51,Mark,Miller
65368ab861d4dc318169491a,Hannah,Williams
65368ab81a978bc82afef7fd,Ronald,Hall
65368ab8c26aa8b1218c49c9,Jason,Taylor
65368ab811e1e32d74224237,Brian,Walker
65368ab809c3ec5094740471,Richard,Moore
65368ab81667c901f5e9ff9d,Paul,Thomas
65368ab8069daec7db0356d8,Jason,Scott
65368ab8c1d73e969d2bc23b,Scott,Lee
65368ab897f6fcf6178b867a,Michael,Taylor
65368ab8c834d56d8e92a70a,Rebecca,Miller
65368ab83094b24fed4b675b,Hannah,Thomas
65368ab86334f18ceadd4e91,Brian,Thompson
65368ab8be8b09b762bd5fce,Scott,Moore
65368ab882413fa5524d655e,James,Adams
65368ab8562c8f5fdf9c1cfd,Daniel,Wilson
65368ab89529a6fb3fb3a506,Nancy,Martinez
65368ab8c6b391fd76b687ca,Stephanie,Davis
65368ab82078678731f7ed62,Elizabeth,Thomas
65368ab8de77837996ef466e,Christopher,White
65368ab83d0ad9424ab48d32,George,Hall
65368ab8cb5b87008094f348,Ann,Martinez
65368ab8210a8dce26a47181,Paul,Davis
65368ab82ccc52a74498a0b3,Brian,Young
65368ab85a5979194867df0b,Nancy,Scott
65368ab8e4ae322d67f22c13,Mark,King
65368ab81c1aa1e2ce5183a3,Jason,Wilson
65368ab8dfcd663d0b7c410c,Dorothy,Williamson
65368ab899224cb362ab8ef9,Andrew,Brown
65368ab8816e7dfbce734847,Nancy,Wilson
65368ab83afe58c9e1033f45,Mark,Young
65368ab8fd88670a4b25c07c,Jason,Miller
65368ab8ee51295e4e660ba4,Nicole,Martin
65368ab8edf3c060a4215205,Amanda,Carter
65368ab859e4410ff30a7e5e,Amanda,Brown
65368ab85cc00131c35f7273,Jessica,White
65368ab886c9a285e8d9bc62,Jason,Hall
65368ab8bad8681fb31c1351,Thomas,King
65368ab817aac576cf6a2ff5,Scott,Young
65368ab871701208caf1d5a2,Michael,Brown
65368ab8ee471196ff7706b3,Jason,Baker
65368ab81eb2233bee04cff0,Andrew,Miller
65368ab89b59bcbb01f0d028,Robert,Green
65368ab8ddda4ecb663e4341,Hannah,Williamson
65368ab8156f2d4b1f9506be,Rebecca,Williams
65368ab8035377ff619fc870,Hannah,Moore
65368ab8ef659b8b9c737938,Shirley,Williams
65368ab832f3f130f8d62c10,Stephanie,Williamson
65368ab82e89a885073f9d46,Paul,Lee
65368ab8e56d37988a9b04e2,Mark,White
65368ab8cb67da81b0bad130,Hannah,Baker
65368ab8a4177e9e5dc60a20,Brian,Brown
65368ab82cbc6d62cb4ca091,Paul,Taylor
65368ab8997153891deac86e,William,Wilson
65368ab80e981526f35a3e8a,Hannah,Lee
65368ab886ccfdfbedc22157,Robert,Lee
65368ab851a09263915725ca,William,Williamson
65368ab89aa289965d6b8adc,Frank,Allen
65368ab8dd014edbae9a8b15,Mark,Williams
65368ab82d5c0901e7cb13f5,Betty,Carter
65368ab83cbbd589a4301bbc,Rebecca,Gonzalez
65368ab8b8a834c8bcaec09a,Rebecca,Moore
65368ab8f7311ba9fa9f5f01,Stephanie,Moore
65368ab841ff627dfcb908b5,Amanda,Hernandez  
65368ab86d130258edb84c05,Elizabeth,Miller  
65368ab88ffe893468db3b3c,Steven,Baker      
65368ab88f95b7775c71498f,John,Martin       
65368ab8bec56d6d7158f97b,Hannah,Hall       
65368ab8ac496163530fbf27,Emily,Adams       
65368ab85ce40493cd12a4a4,Amanda,Lewis      
65368ab8848240168f1de540,Kevin,Wright      
65368ab80a96b3c3b7af5368,George,Miller     
65368ab880c678a1e849ffa7,Ashley,Adams      
65368ab8bffb2307075a81b4,Amanda,Scott      
65368ab8865c72a890fd9702,Joseph,Adams      
65368ab869903b0fbfc134ab,Joshua,Anderson   
65368ab85746ec3c74d201a4,Sarah,Wilson      
65368ab8f402aba1b60ab068,Samantha,Miller   
65368ab8e8f1cc5279341253,Richard,Hall      
65368ab89959157a62bacc08,Emily,Martin      
65368ab8deaaad8f82b0f8cd,Charles,Taylor
65368ab8af37a5df8dc9d8f1,Scott,Robinson
65368ab8e0de3de3cac5da06,Mark,Jackson
65368ab80fa5fc0fba9aa74e,Charles,Allen
65368ab8366431e501dc7f9e,Joshua,Wilson
65368ab84af5bdf29f7587cb,Hannah,Walker
65368ab819fc7ca9cf30390f,Joseph,Moore
65368ab8ee14375c255bf96a,Rebecca,Garcia
65368ab8c4b7a3dc9d52618a,Mark,Davis
65368ab85015ea136c98dbdf,William,Adams
65368ab881a80892c63a6b13,David,King
65368ab80ee3769bddece5c7,Anthony,Clark
65368ab87ee56ca0b7ef9223,Mark,Hernandez
65368ab8ecc7766874015b39,Jason,Williams
65368ab82b9b3f13b7f678a3,Stephanie,Johnson
65368ab85fbc6553b276b1c0,Charles,Martin
65368ab89619f712454586d2,Paul,Clark
65368ab853c4c3bd0eb1c7fb,Steven,Williams
65368ab8b2d305367950f265,Hannah,Gonzalez
65368ab8a40264c7f1d92467,Robert,Scott
65368ab8728512a30794deeb,Samantha,Adams
65368ab8a2a1df8eaa3f2983,Mark,Thomas
65368ab8b1d0a964ff78a2ea,Amanda,Moore
65368ab873dd4a3fa846fd91,Brian,Adams
65368ab864fb80f167d96231,Helen,Gonzalez
65368ab8ef5e6af1fe3b876c,John,Martin
65368ab8b23a51e0b549a5d2,Scott,Allen
65368ab8ba5b13fefe2ea96d,Paul,Walker
65368ab88daf1da75854acaa,Thomas,Carter
65368ab8199dbb2c493a18f8,Jessica,Johnson
65368ab85fb2af6ec3310099,Robert,Walker
65368ab80db263559616a8cf,Amanda,Williamson
65368ab8fd2f747868991cab,Jessica,Hernandez
65368ab800d449f3f40ce48a,Jason,Hernandez
65368ab89400919b4c1c075e,Samantha,Carter
65368ab84ab44ad176d0aa9a,Ashley,King
65368ab8c88d63d0fce4f237,William,Brown
65368ab8ad8dd83b85beae0a,Richard,Green
65368ab8d7ad094edf8596bb,Christopher,Williams
65368ab877c6ad951191eb0c,Jennifer,King
65368ab80b170a9dd3007225,Anthony,Harris
65368ab8e7537e92c3f72295,Ronald,Williams
65368ab858a85cebff9103b1,Scott,King
65368ab82afc6596ccc34860,Frank,Jones
65368ab8f6ba065a1bfc4da7,Mark,Anderson
65368ab8d4f308bcc72387df,Amanda,Davis
65368ab8089fb33802fcc211,Jason,Carter
65368ab856f1870663c0923a,Amanda,Baker
65368ab85dee98e3eb0ba4b5,Scott,Jones
65368ab81aaf1e94de799352,Mark,Moore
65368ab88af0ecb41d3aaf03,Richard,King
65368ab8aff42ce7c6707b34,Samantha,Wright
65368ab8ffcb8ebfc7cdcedf,John,Williamson
65368ab8f6bc899ec0c8621b,Elizabeth,Carter
65368ab8ca83e57b43b81787,Mark,Brown
65368ab859b3d59873419fe1,Stephanie,White
65368ab8eea1b4d4266a61b3,Betty,King
65368ab8b3b0de23071edf3b,Elizabeth,Lee
65368ab8d3e2e6a4daf78f89,Frank,Thomas
65368ab815ee7ed32b08c28c,Paul,Harris
65368ab82ccb7c7366c9e14b,Rebecca,Wright
65368ab83bbad57c10bc17f2,Jason,Wright
65368ab8de540eb8b242964d,Anthony,Jackson
65368ab8b40f6ea589bef159,Margaret,Williamson
65368ab805c70261122a53cf,Anthony,Lee
65368ab88d118b07b97b4977,Brian,Wright
65368ab82b2ab06e6af0c7e4,Joseph,Adams
65368ab8c5bf02f2c5a1d4d2,Paul,Scott
65368ab83fa584f3de4253e0,Paul,Robinson
65368ab8407c9a622babcc08,Robert,Martin
65368ab84385f174ee360580,Hannah,Green
65368ab808d70076df491ff3,Robert,Clark
65368ab898a73f1d0b8ecb3b,Jason,Martinez
65368ab8d1c24e24acca8112,Steven,King
65368ab85d98506aa29469cc,Stephanie,Clark
65368ab8e8267203e9f3db78,Joshua,Robinson
65368ab8ba65ec54cf211536,Paul,Miller
65368ab833acd36232063f29,Steven,Moore
65368ab8d49f3cecca1bec9d,Brian,Martinez
65368ab8802474d49c48206a,Linda,Williams
65368ab8bccfdbdaf15a9adf,James,Johnson
